Symbol,First Date,Last Date,Trading Sessions
RELIANCE.NS,2016-10-07,2026-10-06,2469
BHARTIARTL.NS,2016-10-07,2026-10-06,2470
HDFCBANK.NS,2016-10-07,2026-10-06,2470
ICICIBANK.NS,2016-10-07,2026-10-06,2470
SBIN.NS,2016-10-07,2026-10-06,2470
TCS.NS,2016-10-07,2026-10-06,2470
BAJFINANCE.NS,2016-10-07,2026-10-06,2470
LT.NS,2016-10-07,2026-10-06,2470
HINDUNILVR.NS,2016-10-07,2026-10-06,2469
INFY.NS,2016-10-07,2026-10-06,2470
SUNPHARMA.NS,2016-10-07,2026-10-06,2469
TITAN.NS,2016-10-07,2026-10-06,2470
ADANIENT.NS,2016-10-07,2026-10-06,2470
KOTAKBANK.NS,2016-10-07,2026-10-06,2470
MARUTI.NS,2016-10-07,2026-10-06,2470
ADANIPOWER.NS,2016-10-07,2026-10-06,2470
M&M.NS,2016-10-07,2026-10-06,2470
AXISBANK.NS,2016-10-07,2026-10-06,2469
ADANIPORTS.NS,2016-10-07,2026-10-06,2469
HCLTECH.NS,2016-10-07,2026-10-06,2470
ULTRACEMCO.NS,2016-10-07,2026-10-06,2470
ITC.NS,2016-10-07,2026-10-06,2470
BAJAJ-AUTO.NS,2016-10-07,2026-10-06,2470
JSWSTEEL.NS,2016-10-07,2026-10-06,2470
HAL.NS,2018-04-02,2026-10-06,2104
BAJAJFINSV.NS,2016-10-07,2026-10-06,2470
NTPC.NS,2016-10-07,2026-10-06,2470
ETERNAL.NS,2021-07-23,2026-10-06,1287
BEL.NS,2016-10-07,2026-10-06,2470
ONGC.NS,2016-10-07,2026-10-06,2470
NESTLEIND.NS,2016-10-07,2026-10-06,2470
LICI.NS,2022-05-17,2026-10-06,1087
HINDZINC.NS,2016-10-07,2026-10-06,2470
SHRIRAMFIN.NS,2016-10-07,2026-10-06,2470
ASIANPAINT.NS,2016-10-07,2026-10-06,2470
DMART.NS,2017-03-21,2026-10-06,2360
POWERGRID.NS,2016-10-07,2026-10-06,2469
COALINDIA.NS,2016-10-07,2026-10-06,2470
DIVISLAB.NS,2016-10-07,2026-10-06,2469
TATASTEEL.NS,2016-10-07,2026-10-06,2470
HINDALCO.NS,2016-10-07,2026-10-06,2469
GRASIM.NS,2016-10-07,2026-10-06,2468
EICHERMOT.NS,2016-10-07,2026-10-06,2469
ADANIGREEN.NS,2018-06-18,2026-10-06,2051
TVSMOTOR.NS,2016-10-07,2026-10-06,2470
INDIGO.NS,2016-10-07,2026-10-06,2468
IOC.NS,2016-10-07,2026-10-06,2470
ADANIENSOL.NS,2016-10-07,2026-10-06,2470
TORNTPHARM.NS,2016-10-07,2026-10-06,2470
SOLARINDS.NS,2016-10-07,2026-10-06,2469
HYUNDAI.NS,2024-10-22,2026-10-06,486
WIPRO.NS,2016-10-07,2026-10-06,2470
VAML.NS,2026-06-15,2026-10-06,78
SBILIFE.NS,2017-10-03,2026-10-06,2226
MOTHERSON.NS,2016-10-07,2026-10-06,2470
TMCV.NS,2025-11-12,2026-10-06,224
DLF.NS,2016-10-07,2026-10-06,2469
PIDILITIND.NS,2016-10-07,2026-10-06,2470
ABB.NS,2016-10-07,2026-10-06,2468
CHOLAFIN.NS,2016-10-07,2026-10-06,2469
IDEA.NS,2016-10-07,2026-10-06,2470
TATACAP.NS,2025-10-13,2026-10-06,244
JIOFIN.NS,2023-08-21,2026-10-06,772
ICICIAMC.NS,2025-12-19,2026-10-06,196
TRENT.NS,2016-10-07,2026-10-06,2470
BHEL.NS,2016-10-07,2026-10-06,2470
POWERINDIA.NS,2020-03-30,2026-10-06,1614
SIEMENS.NS,2016-10-07,2026-10-06,2469
TECHM.NS,2016-10-07,2026-10-06,2470
CUMMINSIND.NS,2016-10-07,2026-10-06,2468
BOSCHLTD.NS,2016-10-07,2026-10-06,2469
UNIONBANK.NS,2016-10-07,2026-10-06,2470
CGPOWER.NS,2016-10-07,2026-10-06,2470
VBL.NS,2016-11-08,2026-10-06,2451
LTM.NS,2016-10-07,2026-10-06,2470
BSE.NS,2017-02-03,2026-10-06,2389
POLYCAB.NS,2019-04-16,2026-10-06,1848
BPCL.NS,2016-10-07,2026-10-06,2470
PNB.NS,2016-10-07,2026-10-06,2470
BRITANNIA.NS,2016-10-07,2026-10-06,2470
LODHA.NS,2021-04-19,2026-10-06,1353
APOLLOHOSP.NS,2016-10-07,2026-10-06,2469
BAJAJHLDNG.NS,2016-10-07,2026-10-06,2470
BANKBARODA.NS,2016-10-07,2026-10-06,2470
MUTHOOTFIN.NS,2016-10-07,2026-10-06,2469
JINDALSTEL.NS,2016-10-07,2026-10-06,2469
HDFCLIFE.NS,2017-11-17,2026-10-06,2195
INDIANB.NS,2016-10-07,2026-10-06,2468
ZYDUSLIFE.NS,2016-10-07,2026-10-06,2470
GROWW.NS,2025-11-12,2026-10-06,224
TMPV.NS,2016-10-07,2026-10-06,2470
CANBK.NS,2016-10-07,2026-10-06,2469
PFC.NS,2016-10-07,2026-10-06,2470
ENRIN.NS,2025-06-19,2026-10-06,323
CIPLA.NS,2016-10-07,2026-10-06,2469
SBIFUNDS.NS,2026-07-21,2026-10-06,52
LGEINDIA.NS,2025-10-14,2026-10-06,242
GAIL.NS,2016-10-07,2026-10-06,2470
VEDL.NS,2016-10-07,2026-10-06,2470
TATAPOWER.NS,2016-10-07,2026-10-06,2470
HEROMOTOCO.NS,2016-10-07,2026-10-06,2470
GVT&D.NS,2016-10-07,2026-10-06,2470
ABCAPITAL.NS,2017-09-01,2026-10-06,2247
LENSKART.NS,2025-11-10,2026-10-06,226
HDFCAMC.NS,2018-08-06,2026-10-06,2014
IRFC.NS,2021-01-29,2026-10-06,1405
MARICO.NS,2016-10-07,2026-10-06,2468
UNITDSPR.NS,2016-10-07,2026-10-06,2470
OFSS.NS,2016-10-07,2026-10-06,2470
PAYTM.NS,2021-11-18,2026-10-06,1207
INDIAMART.NS,2019-07-04,2026-10-06,1795
LAURUSLABS.NS,2016-12-19,2026-10-06,2422
GMRAIRPORT.NS,2016-10-07,2026-10-06,2470
ASHOKLEY.NS,2016-10-07,2026-10-06,2470
MAZDOCK.NS,2020-10-12,2026-10-06,1481
TATACONSUM.NS,2016-10-07,2026-10-06,2470
AMBUJACEM.NS,2016-10-07,2026-10-06,2470
INDHOTEL.NS,2016-10-07,2026-10-06,2470
LLOYDSME.NS,2023-07-17,2026-10-06,797
MANIPALHOS.NS,2026-08-05,2026-10-06,41
INDUSTOWER.NS,2016-10-07,2026-10-06,2470
IDBI.NS,2016-10-07,2026-10-06,2470
LUPIN.NS,2016-10-07,2026-10-06,2470
MAXHEALTH.NS,2020-08-21,2026-10-06,1516
MANKIND.NS,2023-05-09,2026-10-06,843
DRREDDY.NS,2016-10-07,2026-10-06,2470
JSWENERGY.NS,2016-10-07,2026-10-06,2470
BHARATFORG.NS,2016-10-07,2026-10-06,2468
MEESHO.NS,2025-12-10,2026-10-06,204
NYKAA.NS,2021-11-10,2026-10-06,1212
AUROPHARMA.NS,2016-10-07,2026-10-06,2467
GODREJCP.NS,2016-10-07,2026-10-06,2470
PERSISTENT.NS,2016-10-07,2026-10-06,2470
COFORGE.NS,2016-10-07,2026-10-06,2470
DIXON.NS,2017-09-18,2026-10-06,2237
NAUKRI.NS,2016-10-07,2026-10-06,2470
SHREECEM.NS,2016-10-07,2026-10-06,2470
FEDERALBNK.NS,2016-10-07,2026-10-06,2470
MCX.NS,2016-10-07,2026-10-06,2470
POLICYBZR.NS,2021-11-15,2026-10-06,1209
RECLTD.NS,2016-10-07,2026-10-06,2470
SAIL.NS,2016-10-07,2026-10-06,2470
AUBANK.NS,2017-07-11,2026-10-06,2283
JSWINFRA.NS,2023-10-03,2026-10-06,744
LTF.NS,2016-10-07,2026-10-06,2470
OIL.NS,2016-10-07,2026-10-06,2470
ICICIGI.NS,2017-09-27,2026-10-06,2229
BHARTIHEXA.NS,2024-04-12,2026-10-06,615
HINDPETRO.NS,2016-10-07,2026-10-06,2470
INDUSINDBK.NS,2016-10-07,2026-10-06,2470
SRF.NS,2016-10-07,2026-10-06,2469
HAVELLS.NS,2016-10-07,2026-10-06,2469
NTPCGREEN.NS,2024-11-27,2026-10-06,462
NAM-INDIA.NS,2017-11-06,2026-10-06,2204
NMDC.NS,2016-10-07,2026-10-06,2470
WAAREEENER.NS,2024-10-28,2026-10-06,482
NHPC.NS,2016-10-07,2026-10-06,2470
APARINDS.NS,2016-10-07,2026-10-06,2469
UNOMINDA.NS,2016-10-07,2026-10-06,2470
SWIGGY.NS,2024-11-13,2026-10-06,470
ICICIPRULI.NS,2016-10-07,2026-10-06,2468
NATIONALUM.NS,2016-10-07,2026-10-06,2470
IDFCFIRSTB.NS,2016-10-07,2026-10-06,2470
GLENMARK.NS,2016-10-07,2026-10-06,2470
BAJAJHFL.NS,2024-09-16,2026-10-06,511
ATGL.NS,2018-11-05,2026-10-06,1955
FORTIS.NS,2016-10-07,2026-10-06,2469
YESBANK.NS,2016-10-07,2026-10-06,2470
PHOENIXLTD.NS,2016-10-07,2026-10-06,2467
DABUR.NS,2016-10-07,2026-10-06,2470
PRESTIGE.NS,2016-10-07,2026-10-06,2470
OBEROIRLTY.NS,2016-10-07,2026-10-06,2468
BIOCON.NS,2016-10-07,2026-10-06,2470
BANKINDIA.NS,2016-10-07,2026-10-06,2470
ASTERDM.NS,2018-02-26,2026-10-06,2126
ATHERENERG.NS,2025-05-06,2026-10-06,355
MAHABANK.NS,2016-10-07,2026-10-06,2469
SUZLON.NS,2016-10-07,2026-10-06,2470
ALKEM.NS,2016-10-07,2026-10-06,2468
KALYANKJIL.NS,2021-03-26,2026-10-06,1366
IOB.NS,2016-10-07,2026-10-06,2470
SCHAEFFLER.NS,2016-10-07,2026-10-06,2469
APLAPOLLO.NS,2016-10-07,2026-10-06,2470
WELCORP.NS,2016-10-07,2026-10-06,2470
MOTILALOFS.NS,2016-10-07,2026-10-06,2470
GICRE.NS,2017-10-25,2026-10-06,2211
RADICO.NS,2016-10-07,2026-10-06,2469
TORNTPOWER.NS,2016-10-07,2026-10-06,2469
GODREJPROP.NS,2016-10-07,2026-10-06,2470
SBICARD.NS,2020-03-16,2026-10-06,1624
RBLBANK.NS,2016-10-07,2026-10-06,2469
JSL.NS,2016-10-07,2026-10-06,2468
BERGEPAINT.NS,2016-10-07,2026-10-06,2469
COROMANDEL.NS,2016-10-07,2026-10-06,2469
HDBFS.NS,2025-07-02,2026-10-06,314
MRF.NS,2016-10-07,2026-10-06,2468
ABBOTINDIA.NS,2016-10-07,2026-10-06,2469
LINDEINDIA.NS,2016-10-07,2026-10-06,2468
TIINDIA.NS,2017-11-02,2026-10-06,2205
FACT.NS,2016-10-07,2026-10-06,2469
MFSL.NS,2016-10-07,2026-10-06,2469
KEI.NS,2016-10-07,2026-10-06,2470
GLAXO.NS,2016-10-07,2026-10-06,2469
FLUOROCHEM.NS,2019-10-16,2026-10-06,1726
M&MFIN.NS,2016-10-07,2026-10-06,2470
HINDCOPPER.NS,2016-10-07,2026-10-06,2470
PIRAMALFIN.NS,2025-11-07,2026-10-06,227
SONACOMS.NS,2021-06-24,2026-10-06,1308
ANTHEM.NS,2025-07-21,2026-10-06,301
SUNDARMFIN.NS,2016-10-07,2026-10-06,2469
VMM.NS,2024-12-18,2026-10-06,447
COLPAL.NS,2016-10-07,2026-10-06,2470
IPCALAB.NS,2016-10-07,2026-10-06,2469
360ONE.NS,2019-09-19,2026-10-06,1743
TATACOMM.NS,2016-10-07,2026-10-06,2469
UPL.NS,2016-10-07,2026-10-06,2470
BDL.NS,2018-03-23,2026-10-06,2108
GLAND.NS,2020-11-20,2026-10-06,1451
MPHASIS.NS,2016-10-07,2026-10-06,2469
AIIL.NS,2024-04-23,2026-10-06,610
SUPREMEIND.NS,2016-10-07,2026-10-06,2469
PREMIERENE.NS,2024-09-03,2026-10-06,520
AEGISLOG.NS,2016-10-07,2026-10-06,2468
BALKRISIND.NS,2016-10-07,2026-10-06,2467
RVNL.NS,2019-04-11,2026-10-06,1850
AJANTPHARM.NS,2016-10-07,2026-10-06,2468
THERMAX.NS,2016-10-07,2026-10-06,2469
PETRONET.NS,2016-10-07,2026-10-06,2468
NAVINFLUOR.NS,2016-10-07,2026-10-06,2469
INDOMIM.NS,2026-07-30,2026-10-06,45
CPPLUS.NS,2025-08-05,2026-10-06,290
POONAWALLA.NS,2016-10-07,2026-10-06,2470
ENDURANCE.NS,2016-10-19,2026-10-06,2462
ASTRAL.NS,2016-10-07,2026-10-06,2469
COCHINSHIP.NS,2017-08-11,2026-10-06,2261
PAGEIND.NS,2016-10-07,2026-10-06,2468
JKCEMENT.NS,2016-10-07,2026-10-06,2469
VOLTAS.NS,2016-10-07,2026-10-06,2470
MEDANTA.NS,2022-11-18,2026-10-06,958
AIAENG.NS,2016-10-07,2026-10-06,2467
GODREJIND.NS,2016-10-07,2026-10-06,2469
CONCOR.NS,2016-10-07,2026-10-06,2470
NH.NS,2016-10-07,2026-10-06,2468
IRCTC.NS,2019-10-14,2026-10-06,1729
3MINDIA.NS,2016-10-07,2026-10-06,2466
KPRMILL.NS,2016-10-07,2026-10-06,2468
HFCL.NS,2016-10-07,2026-10-06,2470
CUPID.NS,2016-10-07,2026-10-06,2470
PATANJALI.NS,2016-10-07,2026-10-06,2470
LTTS.NS,2016-10-07,2026-10-06,2469
EXIDEIND.NS,2016-10-07,2026-10-06,2470
NLCINDIA.NS,2016-10-07,2026-10-06,2470
ANANDRATHI.NS,2021-12-14,2026-10-06,1190
PIIND.NS,2016-10-07,2026-10-06,2470
HUDCO.NS,2017-05-19,2026-10-06,2320
EMCURE.NS,2024-07-10,2026-10-06,555
UBL.NS,2016-10-07,2026-10-06,2469
DELHIVERY.NS,2022-05-24,2026-10-06,1080
PWL.NS,2025-11-18,2026-10-06,220
DALBHARAT.NS,2018-12-21,2026-10-06,1923
CRISIL.NS,2016-10-07,2026-10-06,2470
HSCL.NS,2016-10-07,2026-10-06,2470
ITCHOTELS.NS,2025-01-29,2026-10-06,417
HEXT.NS,2025-02-19,2026-10-06,400
TATATECH.NS,2023-11-30,2026-10-06,705
STARHEALTH.NS,2021-12-10,2026-10-06,1192
KARURVYSYA.NS,2016-10-07,2026-10-06,2470
NUVAMA.NS,2023-09-26,2026-10-06,747
ESCORTS.NS,2016-10-07,2026-10-06,2468
PTCIL.NS,2023-06-09,2026-10-06,820
GODFRYPHLP.NS,2016-10-07,2026-10-06,2469
IREDA.NS,2023-11-29,2026-10-06,706
RRKABEL.NS,2023-09-20,2026-10-06,749
MANAPPURAM.NS,2016-10-07,2026-10-06,2470
HONAUT.NS,2016-10-07,2026-10-06,2467
TATAINVEST.NS,2016-10-07,2026-10-06,2470
LALPATHLAB.NS,2016-10-07,2026-10-06,2469
JUBLFOOD.NS,2016-10-07,2026-10-06,2469
WOCKPHARMA.NS,2016-10-07,2026-10-06,2470
UCOBANK.NS,2016-10-07,2026-10-06,2469
NETWEB.NS,2023-07-27,2026-10-06,788
SAILIFE.NS,2024-12-18,2026-10-06,447
KIRLOSENG.NS,2016-10-07,2026-10-06,2468
KIMS.NS,2021-06-28,2026-10-06,1305
NIACL.NS,2017-11-13,2026-10-06,2199
SHYAMMETL.NS,2021-06-24,2026-10-06,1308
PNBHOUSING.NS,2016-11-07,2026-10-06,2451
BLUESTARCO.NS,2016-10-07,2026-10-06,2469
ABSLAMC.NS,2021-10-11,2026-10-06,1233
GRSE.NS,2018-10-24,2026-10-06,1964
AEGISVOPAK.NS,2025-06-02,2026-10-06,336
RUBICON.NS,2025-10-16,2026-10-06,239
NEULANDLAB.NS,2016-10-07,2026-10-06,2469
DHOOTTRANS.NS,2026-08-17,2026-10-06,33
CDSL.NS,2017-06-30,2026-10-06,2290
IKS.NS,2024-12-19,2026-10-06,445
MRPL.NS,2016-10-07,2026-10-06,2470
LICHSGFIN.NS,2016-10-07,2026-10-06,2469
ZFCVINDIA.NS,2016-10-07,2026-10-06,2468
CRAFTSMAN.NS,2021-03-25,2026-10-06,1364
PPLPHARMA.NS,2022-10-19,2026-10-06,979
SCHNEIDER.NS,2016-10-07,2026-10-06,2469
REDINGTON.NS,2016-10-07,2026-10-06,2470
SYRMA.NS,2022-08-26,2026-10-06,1015
CHOLAHLDNG.NS,2016-10-07,2026-10-06,2469
APOLLOTYRE.NS,2016-10-07,2026-10-06,2470
IIFL.NS,2016-10-07,2026-10-06,2469
ACMESOLAR.NS,2024-11-13,2026-10-06,470
CENTRALBK.NS,2016-10-07,2026-10-06,2470
TVSHLTD.NS,2016-10-07,2026-10-06,2468
BANDHANBNK.NS,2018-03-27,2026-10-06,2107
AMBER.NS,2018-01-30,2026-10-06,2144
ACUTAAS.NS,2021-09-14,2026-10-06,1251
ANGELONE.NS,2020-10-05,2026-10-06,1486
ITI.NS,2016-10-07,2026-10-06,2469
KAYNES.NS,2022-11-22,2026-10-06,957
PGHH.NS,2016-10-07,2026-10-06,2469
HATSUN.NS,2016-10-07,2026-10-06,2468
DATAPATTNS.NS,2021-12-24,2026-10-06,1181
SUMICHEM.NS,2020-01-27,2026-10-06,1656
METROBRAND.NS,2021-12-22,2026-10-06,1181
SJVN.NS,2016-10-07,2026-10-06,2469
AWL.NS,2022-02-08,2026-10-06,1151
SUNDRMFAST.NS,2016-10-07,2026-10-06,2468
MSUMI.NS,2022-03-28,2026-10-06,1119
CGCL.NS,2016-10-07,2026-10-06,2470
URBANCO.NS,2025-09-17,2026-10-06,261
ACC.NS,2016-10-07,2026-10-06,2469
ASAHIINDIA.NS,2016-10-07,2026-10-06,2468
GODIGIT.NS,2024-05-23,2026-10-06,588
IFCI.NS,2016-10-07,2026-10-06,2470
GABRIEL.NS,2016-10-07,2026-10-06,2469
SANSERA.NS,2021-09-24,2026-10-06,1244
DEEPAKNTR.NS,2016-10-07,2026-10-06,2467
GUJENERGY.NS,2016-10-07,2026-10-06,2469
GILLETTE.NS,2016-10-07,2026-10-06,2470
TIMKEN.NS,2016-10-07,2026-10-06,2468
KPIL.NS,2016-10-07,2026-10-06,2467
JYOTICNC.NS,2024-01-16,2026-10-06,672
NBCC.NS,2016-10-07,2026-10-06,2470
TDPOWERSYS.NS,2016-10-07,2026-10-06,2470
KIOCL.NS,2016-11-30,2026-10-06,2436
IRB.NS,2016-10-07,2026-10-06,2470
TATAELXSI.NS,2016-10-07,2026-10-06,2470
PFOCUS.NS,2016-10-07,2026-10-06,2468
FORCEMOT.NS,2019-08-19,2026-10-06,1724
AFFLE.NS,2019-08-08,2026-10-06,1769
GRINDWELL.NS,2016-10-07,2026-10-06,2468
AETHER.NS,2022-06-03,2026-10-06,1073
EMMVEE.NS,2025-11-18,2026-10-06,220
CREDITACC.NS,2018-08-23,2026-10-06,2004
BELRISE.NS,2025-05-28,2026-10-06,339
CUB.NS,2016-10-07,2026-10-06,2470
ANANTRAJ.NS,2016-10-07,2026-10-06,2470
CEMPRO.NS,2016-10-07,2026-10-06,2470
HAPPYFORGE.NS,2023-12-27,2026-10-06,686
TENNIND.NS,2025-11-19,2026-10-06,219
SAGILITY.NS,2024-11-12,2026-10-06,471
PFIZER.NS,2016-10-07,2026-10-06,2468
CARBORUNIV.NS,2016-10-07,2026-10-06,2468
SHRIPISTON.NS,2016-10-07,2026-10-06,2468
RAMCOCEM.NS,2016-10-07,2026-10-06,2467
BRIGADE.NS,2016-10-07,2026-10-06,2469
GRANULES.NS,2016-10-07,2026-10-06,2469
IGL.NS,2016-10-07,2026-10-06,2469
AADHARHFC.NS,2024-05-15,2026-10-06,594
LMW.NS,2016-10-07,2026-10-06,2466
CHENNPETRO.NS,2016-10-07,2026-10-06,2469
FINCABLES.NS,2016-10-07,2026-10-06,2469
ELGIEQUIP.NS,2016-10-07,2026-10-06,2468
JINDALSAW.NS,2016-10-07,2026-10-06,2470
CESC.NS,2016-10-07,2026-10-06,2469
AARTIIND.NS,2016-10-07,2026-10-06,2469
INOXINDIA.NS,2023-12-21,2026-10-06,689
CAPLIPOINT.NS,2016-10-07,2026-10-06,2468
GESHIP.NS,2016-10-07,2026-10-06,2470
KAJARIACER.NS,2016-10-07,2026-10-06,2469
PINELABS.NS,2025-11-14,2026-10-06,221
ATUL.NS,2016-10-07,2026-10-06,2469
CAMS.NS,2020-10-05,2026-10-06,1486
SUNTV.NS,2016-10-07,2026-10-06,2468
HBLENGINE.NS,2016-10-07,2026-10-06,2470
EIHOTEL.NS,2016-10-07,2026-10-06,2470
FSL.NS,2016-10-07,2026-10-06,2470
THELEELA.NS,2025-06-02,2026-10-06,334
TRITURBINE.NS,2016-10-07,2026-10-06,2468
AZAD.NS,2023-12-28,2026-10-06,685
CASTROLIND.NS,2016-10-07,2026-10-06,2470
RATNAMANI.NS,2016-10-07,2026-10-06,2468
ERIS.NS,2017-06-30,2026-10-06,2289
BAYERCROP.NS,2016-10-07,2026-10-06,2468
DEEPAKFERT.NS,2016-10-07,2026-10-06,2469
WELSPUNLIV.NS,2016-10-07,2026-10-06,2470
GMDCLTD.NS,2016-10-07,2026-10-06,2470
ECLERX.NS,2016-10-07,2026-10-06,2468
TBOTEK.NS,2024-05-15,2026-10-06,594
SARDAEN.NS,2016-10-07,2026-10-06,2469
ASTRAZEN.NS,2016-10-07,2026-10-06,2467
SHILPAMED.NS,2016-10-07,2026-10-06,2469
ONESOURCE.NS,2025-01-24,2026-10-06,421
POLYMED.NS,2016-10-07,2026-10-06,2469
CHOICEIN.NS,2022-04-08,2026-10-06,1110
DEVYANI.NS,2021-08-16,2026-10-06,1270
PARADEEP.NS,2022-05-27,2026-10-06,1078
OLAELEC.NS,2024-08-09,2026-10-06,536
COHANCE.NS,2020-03-09,2026-10-06,1628
INDIACEM.NS,2016-10-07,2026-10-06,2468
VTL.NS,2016-10-07,2026-10-06,2468
TRAVELFOOD.NS,2025-07-14,2026-10-06,306
ABDL.NS,2024-07-02,2026-10-06,562
JSWCEMENT.NS,2025-08-14,2026-10-06,283
THANGAMAYL.NS,2016-10-07,2026-10-06,2470
CHAMBLFERT.NS,2016-10-07,2026-10-06,2469
ARE&M.NS,2016-10-07,2026-10-06,2469
PGEL.NS,2016-10-07,2026-10-06,2470
GRWRHITECH.NS,2022-02-03,2026-10-06,1154
ZYDUSWELL.NS,2016-10-07,2026-10-06,2470
SAMMAANCAP.NS,2016-10-07,2026-10-06,2470
CENTURYPLY.NS,2016-10-07,2026-10-06,2468
HORIZONIND.NS,2026-08-24,2026-10-06,28
TATACHEM.NS,2016-10-07,2026-10-06,2470
BASF.NS,2016-10-07,2026-10-06,2470
KPITTECH.NS,2019-04-22,2026-10-06,1846
ALIVUS.NS,2021-08-06,2026-10-06,1276
EMAMILTD.NS,2016-10-07,2026-10-06,2470
MINDACORP.NS,2016-10-07,2026-10-06,2468
BEML.NS,2016-10-07,2026-10-06,2470
J&KBANK.NS,2016-10-07,2026-10-06,2468
KFINTECH.NS,2022-12-29,2026-10-06,931
PSB.NS,2016-10-07,2026-10-06,2470
ZENTEC.NS,2016-10-07,2026-10-06,2468
SYNGENE.NS,2016-10-07,2026-10-06,2470
ASTRAMICRO.NS,2016-10-07,2026-10-06,2470
FINEORG.NS,2018-07-02,2026-10-06,2039
AEQUS.NS,2025-12-10,2026-10-06,203
AGARWALEYE.NS,2025-02-04,2026-10-06,411
NAVA.NS,2016-10-07,2026-10-06,2468
APLLTD.NS,2016-10-07,2026-10-06,2468
FIVESTAR.NS,2022-11-21,2026-10-06,957
KANSAINER.NS,2016-10-07,2026-10-06,2466
DCMSHRIRAM.NS,2016-10-07,2026-10-06,2468
VOGL.NS,2026-06-15,2026-10-06,78
MAHSCOOTER.NS,2016-10-07,2026-10-06,2468
GPIL.NS,2016-10-07,2026-10-06,2470
NATCOPHARM.NS,2016-10-07,2026-10-06,2469
BIKAJI.NS,2022-11-16,2026-10-06,959
CONCORDBIO.NS,2023-08-18,2026-10-06,772
HONASA.NS,2023-11-07,2026-10-06,719
INGERRAND.NS,2016-10-07,2026-10-06,2469
ABREL.NS,2016-10-07,2026-10-06,2469
LTFOODS.NS,2016-10-07,2026-10-06,2469
KIRLOSBROS.NS,2016-10-07,2026-10-06,2469
JBMA.NS,2016-10-07,2026-10-06,2470
NIVABUPA.NS,2024-11-14,2026-10-06,468
VISL.NS,2026-06-15,2026-10-06,78
SHAILY.NS,2022-04-04,2026-10-06,1115
CROMPTON.NS,2016-10-07,2026-10-06,2469
USHAMART.NS,2016-10-07,2026-10-06,2469
CCL.NS,2016-10-07,2026-10-06,2469
VIJAYA.NS,2021-09-14,2026-10-06,1252
MARKSANS.NS,2016-10-07,2026-10-06,2469
AVALON.NS,2023-04-18,2026-10-06,858
LALITHAA.NS,2026-08-24,2026-10-06,28
CIEINDIA.NS,2016-10-07,2026-10-06,2467
ARVIND.NS,2016-10-07,2026-10-06,2470
JNPR.NS,2026-08-06,2026-10-06,40
CLEANMAX.NS,2026-03-02,2026-10-06,146
IGIL.NS,2024-12-30,2026-10-06,438
RAINBOW.NS,2022-05-10,2026-10-06,1089
CARTRADE.NS,2021-08-20,2026-10-06,1268
CANHLIFE.NS,2025-10-17,2026-10-06,239
SKFINDUS.NS,2025-12-08,2026-10-06,204
VGUARD.NS,2016-10-07,2026-10-06,2468
FRACTAL.NS,2026-02-16,2026-10-06,158
NAZARA.NS,2021-03-30,2026-10-05,1364
APOLLO.NS,2018-01-22,2026-10-06,2150
SHADOWFAX.NS,2026-01-28,2026-10-06,171
NSLNISP.NS,2023-02-20,2026-10-06,894
ANURAS.NS,2021-03-24,2026-10-06,1368
EIDPARRY.NS,2016-10-07,2026-10-06,2469
VEDPOWER.NS,2026-06-15,2026-10-06,78
ENGINERSIN.NS,2016-10-07,2026-10-06,2469
HEG.NS,2016-10-07,2026-10-06,2468
CEATLTD.NS,2016-10-07,2026-10-06,2470
JSWDULUX.NS,2016-10-07,2026-10-06,2469
PRUDENT.NS,2022-05-20,2026-10-06,1081
TMB.NS,2022-09-15,2026-10-06,1001
TI.NS,2016-10-07,2026-10-06,2469
JUBLPHARMA.NS,2016-10-07,2026-10-06,2469
GALLANTT.NS,2016-10-07,2026-10-06,2468
INDGN.NS,2024-05-13,2026-10-06,597
SCI.NS,2016-10-07,2026-10-06,2470
BALRAMCHIN.NS,2016-10-07,2026-10-06,2470
KSB.NS,2016-10-07,2026-10-06,2469
UTLSOLAR.NS,2025-11-20,2026-10-06,218
VINATIORGA.NS,2016-10-07,2026-10-06,2469
VENTIVE.NS,2024-12-30,2026-10-06,440
RKFORGE.NS,2016-10-07,2026-10-06,2470
GRAPHITE.NS,2016-10-07,2026-10-06,2469
SOBHA.NS,2016-10-07,2026-10-06,2468
ACE.NS,2016-10-07,2026-10-06,2468
LUMAXTECH.NS,2016-10-07,2026-10-06,2468
PRIVISCL.NS,2016-10-07,2026-10-06,2467
LLOYDSENGG.NS,2016-10-07,2026-10-06,2469
ATLANTAELE.NS,2025-09-29,2026-10-06,252
DOMS.NS,2023-12-20,2026-10-06,690
MANYAVAR.NS,2022-02-16,2026-10-06,1143
SEDEMAC.NS,2026-03-11,2026-10-06,141
GRAVITA.NS,2016-10-07,2026-10-06,2470
BBOX.NS,2016-10-07,2026-10-06,2469
UJJIVANSFB.NS,2019-12-12,2026-10-06,1688
SPLPETRO.NS,2016-10-07,2026-10-06,2469
WABAG.NS,2016-10-07,2026-10-06,2470
SUDEEPPHRM.NS,2025-11-28,2026-10-06,212
JSWHL.NS,2016-10-07,2026-10-06,2469
APTUS.NS,2021-08-24,2026-10-06,1265
PCBL.NS,2016-10-07,2026-10-06,2469
MOLBIO.NS,2026-08-17,2026-10-06,33
SKYGOLD.NS,2023-01-06,2026-10-06,925
VARROC.NS,2018-07-09,2026-10-06,2034
PARKHOSPS.NS,2025-12-17,2026-10-06,199
HOMEFIRST.NS,2021-02-03,2026-10-06,1401
KTKBANK.NS,2016-10-07,2026-10-06,2469
ASKAUTOLTD.NS,2023-11-15,2026-10-06,715
TEGA.NS,2021-12-13,2026-10-06,1189
INOXWIND.NS,2016-10-07,2026-10-06,2470
TRIDENT.NS,2016-10-07,2026-10-06,2469
JMFINANCIL.NS,2016-10-07,2026-10-06,2469
AMAGI.NS,2026-01-21,2026-10-06,175
METROPOLIS.NS,2019-04-15,2026-10-06,1847
BLUESTONE.NS,2025-08-19,2026-10-06,280
PVRINOX.NS,2016-10-07,2026-10-06,2469
TECHNOE.NS,2016-10-07,2026-10-06,2468
MANORAMA.NS,2022-07-01,2026-10-06,1052
SOUTHBANK.NS,2016-10-07,2026-10-06,2469
EDELWEISS.NS,2016-10-07,2026-10-06,2470
BLUEDART.NS,2016-10-07,2026-10-06,2469
AKUMS.NS,2024-08-06,2026-10-06,535
GODREJAGRO.NS,2017-10-16,2026-10-06,2217
VIYASH.NS,2016-10-07,2026-10-06,2470
NUVOCO.NS,2021-08-23,2026-10-06,1267
PARAS.NS,2021-10-01,2026-10-06,1239
JPPOWER.NS,2016-10-07,2026-10-06,2470
CYIENT.NS,2016-10-07,2026-10-06,2470
IRCON.NS,2018-09-28,2026-10-06,1980
UTIAMC.NS,2020-10-13,2026-10-06,1481
KEC.NS,2016-10-07,2026-10-06,2470
AVANTIFEED.NS,2016-10-07,2026-10-06,2469
TITAGARH.NS,2016-10-07,2026-10-06,2470
LLOYDSENT.NS,2024-10-17,2026-10-06,488
VOLTAMP.NS,2016-10-07,2026-10-06,2469
QPOWER.NS,2025-02-24,2026-10-06,399
RATEGAIN.NS,2021-12-17,2026-10-06,1185
TEMBO.NS,2018-08-29,2026-10-06,1999
SIGNATURE.NS,2023-09-27,2026-10-06,743
JKTYRE.NS,2016-10-07,2026-10-06,2469
SBFC.NS,2023-08-16,2026-10-06,774
BBTC.NS,2016-10-07,2026-10-06,2469
CANFINHOME.NS,2016-10-07,2026-10-06,2469
IEX.NS,2017-10-23,2026-10-06,2214
MGL.NS,2016-10-07,2026-10-06,2468
JUBLINGREA.NS,2021-03-19,2026-10-06,1372
OLECTRA.NS,2016-10-07,2026-10-06,2469
BLACKBUCK.NS,2024-11-22,2026-10-06,464
KWIL.NS,2026-02-16,2026-10-06,158
PGIL.NS,2016-10-07,2026-10-06,2468
ZENSARTECH.NS,2016-10-07,2026-10-06,2470
PCJEWELLER.NS,2016-10-07,2026-10-06,2470
SHREEJISPG.NS,2025-08-26,2026-10-06,276
AFCONS.NS,2024-11-04,2026-10-06,477
KRN.NS,2024-10-03,2026-10-06,499
IIFLCAPS.NS,2019-09-20,2026-10-06,1742
JWL.NS,2016-10-07,2026-10-06,2470
ALKYLAMINE.NS,2016-10-07,2026-10-06,2468
RITES.NS,2018-07-03,2026-10-06,2039
HCG.NS,2016-10-07,2026-10-06,2468
WHIRLPOOL.NS,2016-10-07,2026-10-06,2468
SUVEN.NS,2016-10-07,2026-10-06,2469
ABLBL.NS,2025-06-24,2026-10-06,319
AAVAS.NS,2018-10-08,2026-10-06,1975
KENNAMET.NS,2019-08-19,2026-10-06,1186
BLUEJET.NS,2023-11-01,2026-10-06,724
KRBL.NS,2016-10-07,2026-10-06,2468
SUDARSCHEM.NS,2016-10-07,2026-10-06,2468
SANDUMA.NS,2023-09-07,2026-10-06,760
SGMART.NS,2025-09-12,2026-10-06,263
JAINREC.NS,2025-10-06,2026-10-06,249
FINPIPE.NS,2016-10-07,2026-10-06,2466
JLHL.NS,2023-09-18,2026-10-06,750
BLS.NS,2016-10-07,2026-10-06,2470
TEJASNET.NS,2017-06-27,2026-10-06,2294
ZEEL.NS,2016-10-07,2026-10-06,2470
SANOFICONR.NS,2024-09-13,2026-10-06,510
GENUSPOWER.NS,2016-10-07,2026-10-06,2470
JAYNECOIND.NS,2016-10-07,2026-10-06,2470
WEWORK.NS,2025-10-10,2026-10-06,243
ELECON.NS,2016-10-07,2026-10-06,2469
ESABINDIA.NS,2016-10-07,2026-10-06,2466
INTELLECT.NS,2016-10-07,2026-10-06,2469
MMTC.NS,2016-10-07,2026-10-06,2470
SAREGAMA.NS,2016-10-07,2026-10-06,2467
PGHL.NS,2016-10-07,2026-10-06,2467
STAR.NS,2016-10-07,2026-10-06,2469
KIRLPNU.NS,2023-04-26,2026-10-06,851
SWANCORP.NS,2016-10-07,2026-10-06,2469
YATHARTH.NS,2023-08-07,2026-10-06,781
NCC.NS,2016-10-07,2026-10-06,2470
THYROCARE.NS,2016-10-07,2026-10-06,2468
RPOWER.NS,2016-10-07,2026-10-06,2470
PRECWIRE.NS,2016-10-07,2026-10-06,2469
TIMETECHNO.NS,2016-10-07,2026-10-06,2470
WAAREERTL.NS,2025-04-09,2026-10-06,370
SHIPROCKET.NS,2026-08-19,2026-10-06,31
TARIL.NS,2016-10-07,2026-10-06,2470
ELANTAS.NS,2026-04-22,2026-10-06,115
WELENT.NS,2016-10-07,2026-10-06,2470
FIRSTCRY.NS,2024-08-13,2026-10-06,534
TSFINV.NS,2018-03-27,2026-10-06,2106
RAILTEL.NS,2021-02-26,2026-10-06,1385
BANCOINDIA.NS,2016-10-07,2026-10-06,2468
CLEAN.NS,2021-07-19,2026-10-06,1290
RELAXO.NS,2016-10-07,2026-10-06,2467
MAHSEAMLES.NS,2016-10-07,2026-10-06,2469
MAXESTATES.NS,2023-10-30,2026-10-06,723
PNGJL.NS,2024-09-17,2026-10-06,509
BATAINDIA.NS,2016-10-07,2026-10-06,2469
WESTLIFE.NS,2019-08-19,2026-10-06,1764
GRINFRA.NS,2021-07-19,2026-10-06,1290
ICIL.NS,2016-10-07,2026-10-06,2469
LEMONTREE.NS,2018-04-09,2026-10-06,2099
VESUVIUS.NS,2016-10-07,2026-10-06,2467
GNFC.NS,2016-10-07,2026-10-06,2470
EQUITASBNK.NS,2020-11-02,2026-10-06,1466
SONATSOFTW.NS,2016-10-07,2026-10-06,2470
BSOFT.NS,2016-10-07,2026-10-06,2470
TIPSMUSIC.NS,2016-10-07,2026-10-06,2469
EUREKAFORB.NS,2024-09-11,2026-10-06,513
GPPL.NS,2016-10-07,2026-10-06,2469
POWERMECH.NS,2016-10-07,2026-10-06,2468
ORKLAINDIA.NS,2025-11-06,2026-10-06,228
TTKPRESTIG.NS,2016-10-07,2026-10-06,2469
MEDPLUS.NS,2021-12-23,2026-10-06,1180
GALAXYSURF.NS,2018-02-08,2026-10-06,2134
V2RETAIL.NS,2016-10-07,2026-10-06,2469
EPL.NS,2016-10-07,2026-10-06,2469
KINGFA.NS,2016-10-07,2026-10-06,2467
SJS.NS,2021-11-15,2026-10-06,1208
RPEL.NS,2024-08-08,2026-10-06,536
NEWGEN.NS,2018-01-29,2026-10-06,2145
RELIGARE.NS,2016-10-07,2026-10-06,2468
INDIAGLYCO.NS,2016-10-07,2026-10-06,2469
ENTERO.NS,2024-02-16,2026-10-06,650
MAHLIFE.NS,2016-10-07,2026-10-06,2470
MIDHANI.NS,2018-04-04,2026-10-06,2102
GARFIBRES.NS,2016-10-07,2026-10-06,2468
SKFINDIA.NS,2016-10-07,2026-10-06,2470
DYNAMATECH.NS,2016-10-07,2026-10-06,2468
CELLO.NS,2023-11-06,2026-10-06,719
BALAMINES.NS,2016-10-07,2026-10-06,2469
ETHOSLTD.NS,2022-05-30,2026-10-06,1076
HNDFDS.NS,2019-08-19,2026-10-06,1763
GAEL.NS,2016-10-07,2026-10-06,2470
UNIMECH.NS,2024-12-31,2026-10-06,438
AVL.NS,2024-11-06,2026-10-06,473
RHIM.NS,2016-10-07,2026-10-06,2468
AARTIPHARM.NS,2023-01-30,2026-10-06,909
JYOTHYLAB.NS,2016-10-07,2026-10-06,2470
CORDELIA.NS,2026-07-01,2026-10-06,66
TTML.NS,2016-10-07,2026-10-06,2470
STARCEMENT.NS,2017-06-19,2026-10-06,2297
KMEW.NS,2024-12-06,2026-10-06,454
SMLMAH.NS,2016-10-07,2026-10-06,2469
TIIL.NS,2016-10-07,2026-10-06,2467
SAPPHIRE.NS,2021-11-18,2026-10-06,1206
KIRLFER.NS,2019-11-13,2026-10-06,1130
LEAPIND.NS,2026-08-14,2026-10-06,34
SAFARI.NS,2019-09-12,2026-10-06,1747
IMFA.NS,2016-10-07,2026-10-06,2469
BORORENEW.NS,2018-05-25,2026-10-06,2067
NESCO.NS,2016-10-07,2026-10-06,2467
BALUFORGE.NS,2024-04-29,2026-10-06,605
SANOFI.NS,2016-10-07,2026-10-06,2469
CERA.NS,2016-10-07,2026-10-06,2467
GMRP&UI.NS,2022-03-23,2026-10-06,1122
SETL.NS,2025-01-13,2026-10-06,429
EBGNG.NS,2025-07-30,2026-10-06,292
GOKULAGRO.NS,2016-10-07,2026-10-06,2469
IXIGO.NS,2024-06-18,2026-10-06,573
RBA.NS,2020-12-14,2026-10-06,1436
TANLA.NS,2016-10-07,2026-10-06,2469
AEROFLEX.NS,2023-08-31,2026-10-06,764
BECTORFOOD.NS,2020-12-24,2026-10-06,1429
MBAPL.NS,2016-10-07,2026-10-06,2468
JKPAPER.NS,2016-10-07,2026-10-06,2469
INDIASHLTR.NS,2023-12-20,2026-10-06,689
SHARDACROP.NS,2016-10-07,2026-10-06,2469
INOXGREEN.NS,2022-11-23,2026-10-06,956
OMNI.NS,2026-03-05,2026-10-06,146
REDTAPE.NS,2023-08-11,2026-10-06,777
NEPHROPLUS.NS,2025-12-17,2026-10-06,198
SFL.NS,2016-12-12,2026-10-06,2426
SUPRAJIT.NS,2016-10-07,2026-10-06,2469
CAMPUS.NS,2022-05-09,2026-10-06,1092
DCBBANK.NS,2016-10-07,2026-10-06,2470
SENORES.NS,2024-12-30,2026-10-06,440
EMIL.NS,2022-10-17,2026-10-06,981
TCI.NS,2016-10-07,2026-10-06,2468
BIRLACORPN.NS,2016-10-07,2026-10-06,2469
AXISCADES.NS,2016-10-07,2026-10-06,2468
SPARC.NS,2016-10-07,2026-10-06,2470
JKLAKSHMI.NS,2016-10-07,2026-10-06,2469
RAIN.NS,2016-10-07,2026-10-06,2469
GANESHHOU.NS,2016-10-07,2026-10-06,2468
DBL.NS,2016-10-07,2026-10-06,2466
RCF.NS,2016-10-07,2026-10-06,2469
KOVAI.NS,2016-10-07,2026-10-06,1887
DODLA.NS,2021-06-28,2026-10-06,1303
POWERICA.NS,2026-04-02,2026-10-06,127
AJAXENGG.NS,2025-02-17,2026-10-06,403
KSHINTL.NS,2025-12-23,2026-10-06,195
VMART.NS,2016-10-07,2026-10-06,2467
TFCILTD.NS,2016-10-07,2026-10-06,2469
STYL.NS,2025-09-30,2026-10-06,251
CYIENTDLM.NS,2023-07-10,2026-10-06,801
SUPRIYA.NS,2021-12-28,2026-10-06,1179
HCC.NS,2016-10-07,2026-10-06,2470
PICCADIL.NS,2025-07-02,2026-10-06,314
PRAJIND.NS,2016-10-07,2026-10-06,2468
ABFRL.NS,2016-10-07,2026-10-06,2470
JSLL.NS,2022-05-04,2026-10-06,1094
JAIBALAJI.NS,2016-10-07,2026-10-06,2468
GSFC.NS,2016-10-07,2026-10-06,2470
GREENLAM.NS,2016-10-07,2026-10-06,2466
SUNFLAG.NS,2016-10-07,2026-10-06,2470
VIKRAMSOLR.NS,2025-08-26,2026-10-06,276
TRIVENI.NS,2016-10-07,2026-10-06,2469
BAJAJCON.NS,2016-10-07,2026-10-06,2469
KPIGREEN.NS,2021-07-27,2026-10-06,1285
PAISALO.NS,2016-10-07,2026-10-06,2469
SKIPPER.NS,2016-10-07,2026-10-06,2469
SMARTWORKS.NS,2025-07-17,2026-10-06,301
HAPPSTMNDS.NS,2020-09-17,2026-10-06,1498
SHAKTIPUMP.NS,2016-10-07,2026-10-06,2470
TRANSRAILL.NS,2024-12-27,2026-10-06,441
SIS.NS,2017-08-10,2026-10-06,2259
NEOGEN.NS,2019-05-08,2026-10-06,1835
SBCL.NS,2021-06-24,2026-10-06,1306
INNOVACAP.NS,2023-12-29,2026-10-06,683
ARVINDFASN.NS,2019-03-08,2026-10-06,1872
JUSTDIAL.NS,2016-10-07,2026-10-06,2468
ACI.NS,2022-11-21,2026-10-06,956
KRISHANA.NS,2017-02-27,2026-10-06,2372
FEDFINA.NS,2023-11-30,2026-10-06,704
STYLAMIND.NS,2021-08-02,2026-10-06,1281
CEIGALL.NS,2024-08-08,2026-10-06,535
IBULLSLTD.NS,2016-10-07,2026-10-06,2470
MASTEK.NS,2016-10-07,2026-10-06,2469
UNIVCABLES.NS,2016-10-07,2026-10-06,2469
FCL.NS,2016-10-07,2026-10-06,2470
DBREALTY.NS,2016-10-07,2026-10-06,2470
MOREPENLAB.NS,2016-10-07,2026-10-06,2470
SENCO.NS,2023-07-14,2026-10-06,797
TVSSCS.NS,2023-08-23,2026-10-06,769
ISGEC.NS,2021-05-05,2026-10-06,1340
NIRLON.NS,2026-04-23,2026-10-06,114
LATENTVIEW.NS,2021-11-23,2026-10-06,1205
MANINDS.NS,2016-10-07,2026-10-06,2469
IOLCP.NS,2016-10-07,2026-10-06,2469
JSFB.NS,2024-02-14,2026-10-06,653
CSBBANK.NS,2019-12-04,2026-10-06,1694
KALPATARU.NS,2025-07-01,2026-10-06,313
ITDC.NS,2016-12-30,2026-10-06,2412
VADILALIND.NS,2016-10-07,2026-10-06,2467
LUMAXIND.NS,2016-10-07,2026-10-06,2467
GULFOILLUB.NS,2016-10-07,2026-10-06,2470
GOKEX.NS,2016-10-07,2026-10-06,2469
PRSMJOHNSN.NS,2016-10-07,2026-10-06,2468
FDC.NS,2016-10-07,2026-10-06,2468
ASHAPURMIN.NS,2016-10-07,2026-10-06,2470
QUESS.NS,2016-10-07,2026-10-06,2470
RAMRAT.NS,2022-07-29,2026-10-06,1032
INDIGOPNTS.NS,2021-02-02,2026-10-06,1403
FIEMIND.NS,2016-10-07,2026-10-06,2469
LGBBROSLTD.NS,2016-10-07,2026-10-06,2468
RPTECH.NS,2024-02-14,2026-10-06,654
KISSHT.NS,2026-05-08,2026-10-06,103
IFBIND.NS,2016-10-07,2026-10-06,2468
MARINE.NS,2018-10-26,2026-10-06,1962
SAATVIKGL.NS,2025-09-26,2026-10-06,254
MASFIN.NS,2017-10-18,2026-10-06,2214
EPIGRAL.NS,2021-08-18,2026-10-06,1267
CCAVENUE.NS,2016-10-07,2026-10-06,2469
MAPMYINDIA.NS,2021-12-21,2026-10-06,1183
MOIL.NS,2016-10-07,2026-10-06,2469
GOLDIAM.NS,2016-10-07,2026-10-06,2469
YASHO.NS,2023-08-21,2026-10-06,768
OPTIEMUS.NS,2017-08-08,2026-10-06,2261
PDSL.NS,2016-10-07,2026-10-06,2467
GUJALKALI.NS,2016-10-07,2026-10-06,2468
CRAMC.NS,2025-10-16,2026-10-06,240
VRLLOG.NS,2016-10-07,2026-10-06,2468
BAJAJHIND.NS,2016-10-07,2026-10-06,2470
RENUKA.NS,2016-10-07,2026-10-06,2470
MSTCLTD.NS,2019-04-01,2026-10-06,1859
PURVA.NS,2016-10-07,2026-10-06,2467
THOMASCOOK.NS,2016-10-07,2026-10-06,2469
CENTUM.NS,2016-10-07,2026-10-06,2468
CARERATING.NS,2016-10-07,2026-10-06,2467
ELECTCAST.NS,2016-10-07,2026-10-06,2469
SHARDAMOTR.NS,2016-10-07,2026-10-06,2467
AGI.NS,2016-10-07,2026-10-06,2468
PNCINFRA.NS,2016-10-07,2026-10-06,2469
BANSALWIRE.NS,2024-07-10,2026-10-06,555
MANINFRA.NS,2016-10-07,2026-10-06,2469
ORCHPHARMA.NS,2016-10-07,2026-10-06,2468
BANARISUG.NS,2016-10-07,2026-10-06,2467
PILANIINVS.NS,2016-10-07,2026-10-06,2467
KDDL.NS,2016-10-07,2026-10-06,2468
JAMNAAUTO.NS,2016-10-07,2026-10-06,2468
FOSECOIND.NS,2016-10-07,2026-10-06,2467
RUSTOMJEE.NS,2022-11-24,2026-10-06,952
WAKEFIT.NS,2025-12-15,2026-10-06,200
SURYAROSNI.NS,2016-10-07,2026-10-06,2470
JUNIPER.NS,2024-02-28,2026-10-06,643
LXCHEM.NS,2021-03-25,2026-10-06,1367
SOTL.NS,2016-10-07,2026-10-06,2470
SUBROS.NS,2016-10-07,2026-10-06,2467
ROLEXRINGS.NS,2021-08-09,2026-10-06,1275
ICRA.NS,2016-10-07,2026-10-06,2466
DATAMATICS.NS,2016-10-07,2026-10-06,2470
SHILCTECH.NS,2025-11-24,2026-10-06,216
PTC.NS,2016-10-07,2026-10-06,2470
SSWL.NS,2016-10-07,2026-10-06,2467
NORTHARC.NS,2024-09-24,2026-10-06,504
GMMPFAUDLR.NS,2018-03-05,2026-10-06,2121
BOSCH-HCIL.NS,2016-10-07,2026-10-06,2470
EMUDHRA.NS,2022-06-01,2026-10-06,1074
ALOKINDS.NS,2016-10-07,2026-10-06,2469
UFLEX.NS,2016-10-07,2026-10-06,2468
DECNGOLD.NS,2026-04-20,2026-10-06,115
LASERPOWER.NS,2026-07-16,2026-10-06,55
SWSOLAR.NS,2019-08-20,2026-10-06,1764
DEEDEV.NS,2024-06-26,2026-10-06,565
NRBBEARING.NS,2016-10-07,2026-10-06,2469
MPSLTD.NS,2016-10-07,2026-10-06,2466
GREAVESCOT.NS,2016-10-07,2026-10-06,2470
SGFIN.NS,2025-08-05,2026-10-06,290
ELLEN.NS,2025-07-01,2026-10-06,314
AYE.NS,2026-02-16,2026-10-06,158
SUNTECK.NS,2016-10-07,2026-10-06,2468
GUJTHEM.NS,2025-02-25,2026-10-06,398
GOODLUCK.NS,2016-10-07,2026-10-06,2469
TEXRAIL.NS,2016-10-07,2026-10-06,2470
NETWORK18.NS,2016-10-07,2026-10-06,2470
VISHNU.NS,2016-10-07,2026-10-06,2469
GVPIL.NS,2016-10-07,2026-10-06,2470
HAWKINCOOK.NS,2026-04-23,2026-10-06,114
DHANUKA.NS,2016-10-07,2026-10-06,2467
VIPIND.NS,2016-10-07,2026-10-06,2469
DEEPINDS.NS,2021-04-27,2026-10-06,1348
SWARAJENG.NS,2016-10-07,2026-10-06,2466
AHLUCONT.NS,2016-10-07,2026-10-06,2469
MOSCHIP.NS,2025-02-05,2026-10-06,412
SEAMECLTD.NS,2016-10-07,2026-10-06,2467
RTNPOWER.NS,2016-10-07,2026-10-06,2470
MHRIL.NS,2016-10-07,2026-10-06,2470
HIRECT.NS,2016-10-07,2026-10-06,2468
SHOPERSTOP.NS,2016-10-07,2026-10-06,2469
RAYMONDLSL.NS,2024-09-05,2026-10-06,518
RPGLIFE.NS,2016-10-07,2026-10-06,2468
INDOSTAR.NS,2018-05-21,2026-10-06,2070
ROSSTECH.NS,2024-12-10,2026-10-06,451
RTNINDIA.NS,2016-10-07,2026-10-06,2470
RAYMOND.NS,2016-10-07,2026-10-06,2469
AVANTEL.NS,2024-07-31,2026-10-06,542
PITTIENG.NS,2016-10-07,2026-10-06,2467
RESPONIND.NS,2016-10-07,2026-10-06,2468
INDIQUBE.NS,2025-07-30,2026-10-06,291
RALLIS.NS,2016-10-07,2026-10-06,2470
GUFICBIO.NS,2016-10-07,2026-10-06,2469
SYMPHONY.NS,2016-10-07,2026-10-06,2469
TVSSRICHAK.NS,2016-10-07,2026-10-06,2468
GHCL.NS,2016-10-07,2026-10-06,2469
WSTCSTPAPR.NS,2016-10-07,2026-10-06,2468
NACLIND.NS,2017-04-10,2026-10-06,2347
KSCL.NS,2016-10-07,2026-10-06,2468
IDEAFORGE.NS,2023-07-07,2026-10-06,802
MIDWESTLTD.NS,2025-10-24,2026-10-06,235
HARSHA.NS,2022-09-26,2026-10-06,994
INDOTECH.NS,2016-10-07,2026-10-06,2467
CAPILLARY.NS,2025-11-21,2026-10-06,217
KOLTEPATIL.NS,2016-10-07,2026-10-06,2467
SHANTIGEAR.NS,2016-10-07,2026-10-06,2469
UNICHEMLAB.NS,2016-10-07,2026-10-06,2470
REFEX.NS,2016-10-07,2026-10-06,2469
UNIPARTS.NS,2022-12-12,2026-10-06,942
SANDHAR.NS,2018-04-02,2026-10-06,2103
AURIONPRO.NS,2016-10-07,2026-10-06,2470
KIRLOSIND.NS,2016-10-07,2026-10-06,2467
MAHLOG.NS,2017-11-10,2026-10-06,2198
KSL.NS,2016-10-07,2026-10-06,2470
POCL.NS,2016-10-07,2026-10-06,2467
CMSINFO.NS,2021-12-31,2026-10-06,1176
DALMIASUG.NS,2016-10-07,2026-10-06,2468
POLYPLEX.NS,2016-10-07,2026-10-06,2469
SINDHUTRAD.NS,2023-06-20,2026-10-06,812
SANGHVIMOV.NS,2016-10-07,2026-10-06,2470
ORIENTELEC.NS,2018-05-14,2026-10-06,2074
BAJAJELEC.NS,2016-10-07,2026-10-06,2470
AARTIDRUGS.NS,2016-10-07,2026-10-06,2469
TATVA.NS,2021-07-29,2026-10-06,1284
PACEDIGITK.NS,2025-10-06,2026-10-06,249
JINDWORLD.NS,2016-10-07,2026-10-06,2470
VSTTILLERS.NS,2016-10-07,2026-10-06,2469
JKIL.NS,2016-10-07,2026-10-06,2468
SANATHAN.NS,2024-12-27,2026-10-06,439
WHEELS.NS,2016-10-07,2026-10-06,2469
SAMBHV.NS,2025-07-02,2026-10-06,313
TRUALT.NS,2025-10-06,2026-10-06,249
ASHIANA.NS,2016-10-07,2026-10-06,2469
RAYMONDREL.NS,2025-07-01,2026-10-06,315
VAIBHAVGBL.NS,2016-10-07,2026-10-06,2467
HEMIPROP.NS,2020-10-22,2026-10-06,1473
SHAREINDIA.NS,2020-09-21,2026-10-06,1495
NOVARTIND.NS,2020-10-07,2026-10-06,905
HEIDELBERG.NS,2016-10-07,2026-10-06,2470
AGIIL.NS,2024-07-15,2026-10-06,554
DBCORP.NS,2016-10-07,2026-10-06,2468
LUXIND.NS,2016-10-07,2026-10-06,2468
ANUP.NS,2019-03-01,2026-10-06,1875
BHAGCHEM.NS,2021-10-18,2026-10-06,1227
DIVGIITTS.NS,2023-03-14,2026-10-06,876
63MOONS.NS,2016-10-07,2026-10-06,2469
GREENPLY.NS,2016-10-07,2026-10-06,2468
VSTIND.NS,2016-10-07,2026-10-06,2469
PREMEXPLN.NS,2016-10-07,2026-10-06,2468
STYRENIX.NS,2016-10-07,2026-10-06,2469
NPST.NS,2021-09-16,2026-10-06,1246
JTLIND.NS,2021-12-23,2026-10-06,1183
PSPPROJECT.NS,2017-05-29,2026-10-06,2310
NITINSPIN.NS,2016-10-07,2026-10-06,2468
JTEKTINDIA.NS,2016-10-07,2026-10-06,2468
FILATEX.NS,2016-10-07,2026-10-06,2468
KNRCON.NS,2016-10-07,2026-10-06,2470
MUTHOOTMF.NS,2023-12-26,2026-10-06,685
EIEL.NS,2024-11-29,2026-10-06,460
NFL.NS,2016-10-07,2026-10-06,2469
TARC.NS,2020-12-18,2026-10-06,1432
TCPLPACK.NS,2017-10-17,2026-10-06,2215
SAMHI.NS,2023-09-22,2026-10-06,749
STEELCAS.NS,2021-11-23,2026-10-06,1203
GOPAL.NS,2024-03-14,2026-10-06,633
HERITGFOOD.NS,2016-10-07,2026-10-06,2468
WONDERLA.NS,2016-10-07,2026-10-06,2468
VENUSPIPES.NS,2022-05-24,2026-10-06,1079
DPABHUSHAN.NS,2017-10-23,2026-10-06,2209
WEBELSOLAR.NS,2016-10-07,2026-10-06,2470
INDRAMEDCO.NS,2016-10-07,2026-10-06,2469
VSSL.NS,2016-10-07,2026-10-06,2468
OSWALPUMPS.NS,2025-06-20,2026-10-06,322
FMGOETZE.NS,2016-10-07,2026-10-06,2468
ADVENZYMES.NS,2016-10-07,2026-10-06,2469
CMLL.NS,2026-07-24,2026-10-06,49
MAYURUNIQ.NS,2016-10-07,2026-10-06,2466
SMSPHARMA.NS,2016-10-07,2026-10-06,2468
SEIL.NS,2026-04-21,2026-10-06,114
IMAGICAA.NS,2016-10-07,2026-10-06,2466
ZOTA.NS,2017-05-10,2026-10-06,2324
PRINCEPIPE.NS,2019-12-30,2026-10-06,1676
JUBLCPL.NS,2025-02-14,2026-10-06,404
APCOTEXIND.NS,2016-10-07,2026-10-06,2468
HGINFRA.NS,2018-03-09,2026-10-06,2118
GRAUWEIL.NS,2021-08-05,2026-10-06,698
FUSION.NS,2022-11-15,2026-10-06,960
ARSSBL.NS,2025-09-30,2026-10-06,252
KIRIINDUS.NS,2016-10-07,2026-10-06,2470
NIITMTS.NS,2023-08-08,2026-10-06,777
ROUTE.NS,2020-09-21,2026-10-06,1495
GIPCL.NS,2016-10-07,2026-10-06,2469
CARRARO.NS,2024-12-30,2026-10-06,438
CARYSIL.NS,2021-01-14,2026-10-06,1415
ASHOKA.NS,2016-10-07,2026-10-06,2469
INDSWFTLAB.NS,2016-10-07,2026-10-06,2467
DREDGECORP.NS,2016-10-07,2026-10-06,2469
STYLEBAAZA.NS,2024-09-06,2026-10-06,517
KKCL.NS,2016-10-07,2026-10-06,2466
WINDMACHIN.NS,2016-10-07,2026-10-06,2467
RML.NS,2016-10-07,2026-10-06,2469
RELTD.NS,2024-07-30,2026-10-06,543
NILKAMAL.NS,2016-10-07,2026-10-06,2468
MMFL.NS,2016-10-07,2026-10-06,2469
BEPL.NS,2016-10-07,2026-10-06,2469
VINDHYATEL.NS,2016-10-07,2026-10-06,2470
PRABHA.NS,2025-03-19,2026-10-06,382
BALMLAWRIE.NS,2016-10-07,2026-10-06,2469
ARVSMART.NS,2016-10-07,2026-10-06,2467
CRIZAC.NS,2025-07-09,2026-10-06,308
KERNEX.NS,2016-10-07,2026-10-06,2468
BUILDPRO.NS,2026-01-09,2026-10-06,182
ADFFOODS.NS,2016-10-07,2026-10-06,2468
SOLARA.NS,2018-06-27,2026-10-06,2044
JASH.NS,2017-10-12,2026-10-06,2216
PARAGMILK.NS,2016-10-07,2026-10-06,2469
EFCIL.NS,2025-08-20,2026-10-06,280
MONARCH.NS,2022-01-06,2026-10-06,1171
NAVNETEDUL.NS,2016-10-07,2026-10-06,2468
SANGAMIND.NS,2016-10-07,2026-10-06,2467
ELPROINTL.NS,2026-04-22,2026-10-06,115
BLSE.NS,2024-02-06,2026-10-06,660
LCL.NS,2026-07-30,2026-10-06,45
NSIL.NS,2016-10-07,2026-10-06,2467
RSYSTEMS.NS,2016-10-07,2026-10-06,2468
MANGLMCEM.NS,2016-10-07,2026-10-06,2467
RAMCOIND.NS,2016-10-07,2026-10-06,2469
GSPCROP.NS,2026-03-24,2026-10-06,132
CHEMPLASTS.NS,2021-08-24,2026-10-06,1266
SASKEN.NS,2016-10-07,2026-10-06,2467
DDEVPLSTIK.NS,2025-01-15,2026-10-06,426
GLOBUSSPR.NS,2016-10-07,2026-10-06,2467
BOROLTD.NS,2020-07-22,2026-10-06,1538
INTERARCH.NS,2024-08-26,2026-10-06,524
MAITHANALL.NS,2016-10-07,2026-10-06,2469
ADOR.NS,2016-10-07,2026-10-06,2469
MARATHON.NS,2016-10-07,2026-10-06,2469
SPORTKING.NS,2022-08-24,2026-10-06,1016
RPSGVENT.NS,2019-01-25,2026-10-06,1899
SUNCLAY.NS,2023-12-29,2026-10-06,682
PANAMAPET.NS,2016-10-07,2026-10-06,2469
GKENERGY.NS,2025-09-26,2026-10-06,253
JINDALPOLY.NS,2016-10-07,2026-10-06,2468
DIAMONDYD.NS,2017-10-05,2026-10-06,2221
APOLLOPIPE.NS,2019-11-11,2026-10-06,1710
ANTELOPUS.NS,2016-10-07,2026-10-06,2470
VIMTALABS.NS,2016-10-07,2026-10-06,2468
ROSSARI.NS,2020-07-23,2026-10-06,1536
NOCIL.NS,2016-10-07,2026-10-06,2470
DCAL.NS,2016-10-07,2026-10-06,2469
MUFIN.NS,2023-11-06,2026-10-06,721
GANECOS.NS,2016-10-07,2026-10-06,2468
POKARNA.NS,2016-10-07,2026-10-06,2469
PATELENG.NS,2016-10-07,2026-10-06,2469
ORIENTCEM.NS,2016-10-07,2026-10-06,2468
GATEWAY.NS,2022-03-22,2026-10-06,1123
ORISSAMINE.NS,2016-10-07,2026-10-06,2469
RISHABH.NS,2023-09-11,2026-10-06,755
XPROINDIA.NS,2016-10-07,2026-10-06,2470
BBL.NS,2016-10-07,2026-10-06,2469
CONFIPET.NS,2020-10-23,2026-10-06,1472
HUBTOWN.NS,2016-10-07,2026-10-06,2468
STOVEKRAFT.NS,2021-02-08,2026-10-06,1397
EUROPRATIK.NS,2025-09-23,2026-10-06,256
AUTOAXLES.NS,2016-10-07,2026-10-06,2467
FLAIR.NS,2023-12-01,2026-10-06,702
UTKARSHBNK.NS,2023-07-21,2026-10-06,792
VINCOFE.NS,2024-10-18,2026-10-06,488
TASTYBITE.NS,2017-03-23,2026-10-06,2356
SIYSIL.NS,2016-10-07,2026-10-06,2469
SPAL.NS,2016-10-07,2026-10-06,2468
ALEMBICLTD.NS,2016-10-07,2026-10-06,2470
ZAGGLE.NS,2023-09-22,2026-10-06,749
KITEX.NS,2016-10-07,2026-10-06,2468
JGCHEM.NS,2024-03-13,2026-10-06,634
VEEDOL.NS,2016-10-07,2026-10-06,2469
UEL.NS,2016-10-07,2026-10-06,2467
RAJRATAN.NS,2020-05-22,2026-10-06,1580
HIKAL.NS,2016-10-07,2026-10-06,2469
PIXTRANS.NS,2022-04-28,2026-10-06,1095
GANDHAR.NS,2023-11-30,2026-10-06,705
JNKINDIA.NS,2024-04-30,2026-10-06,603
MEDIASSIST.NS,2024-01-23,2026-10-06,668
SIRCA.NS,2018-06-13,2026-10-06,2052
RAMKY.NS,2016-10-07,2026-10-06,2466
TALBROAUTO.NS,2016-10-07,2026-10-06,2469
SUNDROP.NS,2016-10-07,2026-10-06,2468
ORIENTHOT.NS,2016-10-07,2026-10-06,2469
DOLPHIN.NS,2016-10-07,2026-10-06,2467
EVEREADY.NS,2016-10-07,2026-10-06,2469
SATIN.NS,2016-10-07,2026-10-06,2468
BOMDYEING.NS,2016-10-07,2026-10-06,2470
COSMOFIRST.NS,2016-10-07,2026-10-06,2467
FISCHER.NS,2025-07-10,2026-10-06,308
PANACEABIO.NS,2016-10-07,2026-10-06,2470
OMAXE.NS,2016-10-07,2026-10-06,2468
ADVAIT.NS,2026-01-20,2026-10-06,176
INDNIPPON.NS,2016-10-07,2026-10-06,2467
PARKHOTELS.NS,2024-02-12,2026-10-06,655
ARKADE.NS,2024-09-24,2026-10-06,504
DYCL.NS,2022-07-27,2026-10-06,1035
KNACK.NS,2026-07-08,2026-10-06,61
ASIANENE.NS,2021-12-09,2026-10-06,1192
GEOJITFSL.NS,2016-10-07,2026-10-06,2468
EXICOM.NS,2024-03-05,2026-10-06,640
GNA.NS,2016-10-07,2026-10-06,2469
PRAKASH.NS,2016-10-07,2026-10-06,2469
VERANDA.NS,2022-04-11,2026-10-06,1109
SOMANYCERA.NS,2016-10-07,2026-10-06,2467
AJMERA.NS,2016-10-07,2026-10-06,2469
SAIPARENT.NS,2026-04-02,2026-10-06,127
NITCO.NS,2016-10-07,2026-10-06,2468
MOLDTKPAC.NS,2016-10-07,2026-10-06,2468
INDOCO.NS,2016-10-07,2026-10-06,2469
MARSONS.NS,2026-03-13,2026-10-06,140
REPCOHOME.NS,2016-10-07,2026-10-06,2469
RANEHOLDIN.NS,2016-10-07,2026-10-06,2470
EPACKPEB.NS,2025-10-06,2026-10-06,249
BRIGHOTEL.NS,2025-07-31,2026-10-06,291
KICL.NS,2016-10-07,2026-10-06,2466
SILVERTUC.NS,2017-12-01,2026-10-06,2183
KMCSHIL.NS,2026-08-18,2026-10-06,32
THEJO.NS,2016-10-07,2026-10-06,2466
BAJEL.NS,2023-12-19,2026-10-06,692
EASEMYTRIP.NS,2021-03-19,2026-10-06,1371
BETA.NS,2017-10-13,2026-10-06,2216
VENKEYS.NS,2016-10-07,2026-10-06,2467
PENIND.NS,2016-10-07,2026-10-06,2469
SIMPLEXINF.NS,2016-10-07,2026-10-06,2466
NELCO.NS,2016-10-07,2026-10-06,2469
PROTEAN.NS,2025-02-06,2026-10-06,411
NIBE.NS,2025-02-07,2026-10-06,410
HLEGLAS.NS,2021-02-22,2026-10-06,1389
KCP.NS,2016-10-07,2026-10-06,2468
RAMCOSYS.NS,2016-10-07,2026-10-06,2469
SANSTAR.NS,2024-07-26,2026-10-06,546
SPANDANA.NS,2019-08-19,2026-10-06,1765
HINDOILEXP.NS,2016-10-07,2026-10-06,2470
ARMANFIN.NS,2016-10-07,2026-10-06,2468
TCIEXP.NS,2016-12-15,2026-10-06,2421
TAJGVK.NS,2016-10-07,2026-10-06,2469
SAGCEM.NS,2016-10-07,2026-10-06,2467
SHRINGARMS.NS,2025-09-17,2026-10-06,259
RATNAVEER.NS,2023-09-11,2026-10-06,756
KABRAEXTRU.NS,2016-10-07,2026-10-06,2469
SHK.NS,2016-10-07,2026-10-06,2468
JISLJALEQS.NS,2016-10-07,2026-10-06,2468
EMSLIMITED.NS,2023-09-21,2026-10-06,750
HONDAPOWER.NS,2016-10-07,2026-10-06,2466
LANDMARK.NS,2022-12-23,2026-10-06,932
BHARATRAS.NS,2016-10-07,2026-10-06,2467
SAKSOFT.NS,2016-10-07,2026-10-06,2470
MSPL.NS,2016-10-07,2026-10-06,2467
WINDLAS.NS,2021-08-16,2026-10-06,1271
PARACABLES.NS,2016-10-07,2026-10-06,2470
INA.NS,2026-03-09,2026-10-06,144
CANTABIL.NS,2016-10-07,2026-10-06,2467
INDIANHUME.NS,2016-10-07,2026-10-06,2468
GMBREW.NS,2016-10-07,2026-10-06,2469
TBZ.NS,2016-10-07,2026-10-06,2469
MACPOWER.NS,2018-03-22,2026-10-06,2107
JAYKAY.NS,2025-12-03,2026-10-06,207
SBC.NS,2021-11-23,2026-10-06,1205
CAMLINFINE.NS,2016-10-07,2026-10-06,2469
HPL.NS,2016-10-07,2026-10-06,2468
HUHTAMAKI.NS,2016-10-07,2026-10-06,2469
MUKANDLTD.NS,2016-10-07,2026-10-06,2469
DCXINDIA.NS,2022-11-11,2026-10-06,964
GREENPANEL.NS,2019-10-23,2026-10-06,1722
MVELECTRO.NS,2026-08-06,2026-10-06,40
NUCLEUS.NS,2016-10-07,2026-10-06,2467
VOEPL.NS,2026-07-01,2026-10-06,65
LAOPALA.NS,2016-10-07,2026-10-06,2469
TEAMLEASE.NS,2016-10-07,2026-10-06,2468
SHUKRAPHAR.NS,2026-08-14,2026-10-06,34
TIRUMALCHM.NS,2016-10-07,2026-10-06,2468
GOCLCORP.NS,2016-10-07,2026-10-06,2469
SAKAR.NS,2017-03-16,2026-10-06,2359
BFUTILITIE.NS,2016-10-07,2026-10-06,2468
VIDYAWIRES.NS,2025-12-10,2026-10-06,204
PAUSHAKLTD.NS,2025-12-01,2026-10-06,210
BLUSPRING.NS,2025-06-11,2026-10-06,327
MOTISONS.NS,2023-12-26,2026-10-06,688
SCILAL.NS,2024-03-19,2026-10-06,629
HGS.NS,2016-10-07,2026-10-06,2467
HATHWAY.NS,2016-10-07,2026-10-06,2469
CNL.NS,2017-07-27,2026-10-06,2268
SHANTIGOLD.NS,2025-08-01,2026-10-06,292
EPACK.NS,2024-01-30,2026-10-06,665
EIHAHOTELS.NS,2016-10-07,2026-10-06,2467
CAPACITE.NS,2017-09-25,2026-10-06,2231
KRSNAA.NS,2021-08-16,2026-10-06,1270
SYNCOMF.NS,2022-11-18,2026-10-06,960
SERVOTECH.NS,2017-08-24,2026-10-06,2251
BCG.NS,2016-10-07,2026-10-06,2470
ALLCARGO.NS,2016-10-07,2026-10-06,2470
JINDRILL.NS,2016-10-07,2026-10-06,2468
RACLGEAR.NS,2024-12-06,2026-10-06,452
ALGOQUANT.NS,2026-01-06,2026-10-06,185
AWFIS.NS,2024-05-30,2026-10-06,584
AEROPLANE.NS,2026-04-02,2026-10-06,128
TINNARUBR.NS,2025-04-17,2026-10-06,364
GRMOVER.NS,2022-09-07,2026-10-06,1008
AURUM.NS,2016-10-07,2026-10-06,2469
VIDHIING.NS,2016-10-07,2026-10-06,2467
SURAKSHA.NS,2024-12-06,2026-10-06,454
STUDDS.NS,2025-11-07,2026-10-06,227
TARSONS.NS,2021-11-26,2026-10-06,1201
GOCOLORS.NS,2021-11-30,2026-10-06,1199
JAICORPLTD.NS,2016-10-07,2026-10-06,2468
RICOAUTO.NS,2016-10-07,2026-10-06,2469
INSECTICID.NS,2016-10-07,2026-10-06,2468
NGLFINE.NS,2022-07-08,2026-10-06,1048
PFS.NS,2016-10-07,2026-10-06,2469
GOODYEAR.NS,2016-10-07,2026-10-06,1890
5PAISA.NS,2017-11-16,2026-10-06,2194
YATRA.NS,2023-09-28,2026-10-06,745
PNGSREVA.NS,2026-03-04,2026-10-06,147
QUADFUTURE.NS,2025-01-14,2026-10-06,429
MTNL.NS,2016-10-07,2026-10-06,2469
NDRAUTO.NS,2020-07-30,2026-10-06,1530
KAPSTON.NS,2018-04-18,2026-10-06,2090
PVP.NS,2016-10-07,2026-10-06,2466
ACCELYA.NS,2016-10-07,2026-10-06,2468
KPEL.NS,2024-11-21,2026-10-06,464
MMWL.NS,2026-04-22,2026-10-06,116
BFINVEST.NS,2016-10-07,2026-10-06,2468
HITECH.NS,2016-10-07,2026-10-06,2470
SHALBY.NS,2017-12-15,2026-10-06,2174
INDORAMA.NS,2016-10-07,2026-10-06,2469
AVADHSUGAR.NS,2017-08-02,2026-10-06,2266
SMCGLOBAL.NS,2021-02-24,2026-10-06,1384
AEROENTER.NS,2022-11-21,2026-10-06,958
IKIO.NS,2023-06-16,2026-10-06,816
WENDT.NS,2016-10-07,2026-10-06,2467
OAL.NS,2020-04-15,2026-10-06,1605
SURYODAY.NS,2021-03-26,2026-10-06,1364
IGPL.NS,2016-10-07,2026-10-06,2466
GARUDA.NS,2024-10-15,2026-10-06,491
RHETAN.NS,2025-09-26,2026-10-06,254
MCLOUD.NS,2025-02-07,2026-10-06,410
HINDWAREAP.NS,2019-12-26,2026-10-06,1678
TTKHLTCARE.NS,2016-10-07,2026-10-06,2468
BLIL.NS,2026-04-20,2026-10-06,115
IPL.NS,2021-07-05,2026-10-06,1299
DELTACORP.NS,2016-10-07,2026-10-06,2470
INDOBORAX.NS,2022-03-29,2026-10-06,1117
JAGSNPHARM.NS,2016-10-07,2026-10-06,2469
DLINKINDIA.NS,2016-10-07,2026-10-06,2469
JISLDVREQS.NS,2016-10-07,2026-10-06,2469
SUMMITSEC.NS,2016-10-07,2026-10-06,2468
IFGLEXPOR.NS,2016-10-07,2026-10-06,2468
MBEL.NS,2025-08-06,2026-10-06,289
MOL.NS,2021-08-18,2026-10-06,1268
GTLINFRA.NS,2016-10-07,2026-10-06,2469
VIKRAN.NS,2025-09-03,2026-10-06,271
DIFFNKG.NS,2024-10-04,2026-10-06,496
SDBL.NS,2016-10-07,2026-10-06,2469
DOLLAR.NS,2017-04-21,2026-10-06,2336
GENESYS.NS,2016-10-07,2026-10-06,2470
KRISHNADEF.NS,2022-04-22,2026-10-06,1099
MOBIKWIK.NS,2024-12-18,2026-10-06,446
CEINSYS.NS,2026-02-19,2026-10-06,155
SPMLINFRA.NS,2016-10-07,2026-10-06,2469
NITTAGELA.NS,2026-04-23,2026-10-06,113
UDS.NS,2023-10-04,2026-10-06,740
WALCHANNAG.NS,2016-10-07,2026-10-06,2470
RGL.NS,2016-10-07,2026-10-06,2469
AYMSYNTEX.NS,2016-10-07,2026-10-06,2468
AMRUTANJAN.NS,2016-10-07,2026-10-06,2468
RSL.NS,2026-03-19,2026-10-06,136
DIGITIDE.NS,2025-06-11,2026-10-06,327
SHREEPUSHK.NS,2016-10-07,2026-10-06,2470
NAVKARCORP.NS,2016-10-07,2026-10-06,2468
CLSEL.NS,2021-05-12,2026-10-06,1335
SESHAPAPER.NS,2016-10-07,2026-10-06,2469
ARFIN.NS,2025-07-22,2026-10-06,297
IVALUE.NS,2025-09-25,2026-10-06,253
NIITLTD.NS,2016-10-07,2026-10-06,2470
ONEPOINT.NS,2017-12-26,2026-10-06,2167
ASALCBR.NS,2020-02-12,2026-10-06,1643
BHARATSE.NS,2025-03-25,2026-10-06,380
TEXINFRA.NS,2016-10-07,2026-10-06,2467
ASIANTILES.NS,2016-10-07,2026-10-06,2470
PNBGILTS.NS,2016-10-07,2026-10-06,2469
GPTINFRA.NS,2016-10-07,2026-10-06,2466
SPIC.NS,2016-10-07,2026-10-06,2467
SIGNPOST.NS,2024-02-14,2026-10-06,651
JAYBARMARU.NS,2016-10-07,2026-10-06,2468
PUNJABCHEM.NS,2016-10-07,2026-10-06,2465
KROSS.NS,2024-09-16,2026-10-06,511
AGL.NS,2026-07-03,2026-10-06,63
IMPAL.NS,2016-10-07,2026-10-06,2467
DCW.NS,2016-10-07,2026-10-06,2470
DSSL.NS,2016-10-07,2026-10-06,2465
EXPLEOSOL.NS,2016-10-07,2026-10-06,2468
STEELXIND.NS,2017-07-20,2026-10-06,2276
DEN.NS,2016-10-07,2026-10-06,2467
YUKEN.NS,2021-09-02,2026-10-06,1257
SHANKESH.NS,2026-08-25,2026-10-06,27
ASIANHOTNR.NS,2016-10-07,2026-10-06,2466
IGARASHI.NS,2016-10-07,2026-10-06,2470
NINSYS.NS,2023-02-21,2026-10-06,892
ATULAUTO.NS,2016-10-07,2026-10-06,2468
SUNSHINE.NS,2026-08-25,2026-10-06,27
WEL.NS,2019-08-22,2026-10-06,1760
ONIDA.NS,2016-10-07,2026-10-06,2468
ALLTIME.NS,2025-08-14,2026-10-06,283
JAGRAN.NS,2016-10-07,2026-10-06,2468
STLNETWORK.NS,2025-09-04,2026-10-06,270
UGROCAP.NS,2021-08-11,2026-10-06,1273
PASHUPATI.NS,2017-09-08,2026-10-06,2238
ANDHRSUGAR.NS,2016-10-07,2026-10-06,2469
GALAPREC.NS,2024-09-09,2026-10-06,514
BLKASHYAP.NS,2016-10-07,2026-10-06,2469
MANAKCOAT.NS,2016-10-07,2026-10-06,2466
BHAGYANGR.NS,2016-10-07,2026-10-06,2469
UNIENTER.NS,2016-10-07,2026-10-06,2467
PLATIND.NS,2024-03-05,2026-10-06,640
AVTNPL.NS,2016-10-07,2026-10-06,2466
SHRIRAMPPS.NS,2021-12-20,2026-10-06,1186
EXCELINDUS.NS,2016-10-07,2026-10-06,2468
ASTEC.NS,2016-10-07,2026-10-06,2470
ELECTHERM.NS,2016-10-07,2026-10-06,2467
SOLARWORLD.NS,2025-09-30,2026-10-06,250
BHARATWIRE.NS,2016-10-07,2026-10-06,2469
KALAMANDIR.NS,2023-09-27,2026-10-06,746
DOLATALGO.NS,2019-08-19,2026-10-06,1764
GYFTR.NS,2026-07-10,2026-10-06,59
CAPITALSFB.NS,2024-02-14,2026-10-06,652
DHANBANK.NS,2016-10-07,2026-10-06,2470
IZMO.NS,2016-10-07,2026-10-06,2468
SIGACHI.NS,2021-11-15,2026-10-06,1209
EIMCOELECO.NS,2016-10-07,2026-10-06,2467
GKSL.NS,2025-12-30,2026-10-06,191
MANALIPETC.NS,2016-10-07,2026-10-06,2470
GHCLTEXTIL.NS,2023-06-12,2026-10-06,819
SULA.NS,2022-12-22,2026-10-06,935
GPTHEALTH.NS,2024-02-29,2026-10-06,640
ALLDIGI.NS,2016-10-07,2026-10-06,2465
ARIS.NS,2025-06-25,2026-10-06,319
LINCOLN.NS,2016-10-07,2026-10-06,2466
GCSL.NS,2025-09-04,2026-10-06,265
GODAVARIB.NS,2024-10-30,2026-10-06,477
EKC.NS,2016-10-07,2026-10-06,2468
ROTO.NS,2022-04-21,2026-10-06,1102
ANDHRAPAP.NS,2016-10-07,2026-10-06,2469
JYOTISTRUC.NS,2016-10-07,2026-10-06,2468
FAZE3Q.NS,2022-11-18,2026-10-06,957
ULTRAMAR.NS,2026-04-22,2026-10-06,115
PRECAM.NS,2016-10-07,2026-10-06,2470
GULPOLY.NS,2016-10-07,2026-10-06,2469
CENTENKA.NS,2016-10-07,2026-10-06,2467
APEX.NS,2017-09-05,2026-10-06,2244
RUPA.NS,2016-10-07,2026-10-06,2467
FINOPB.NS,2021-11-12,2026-10-06,1211
STEL.NS,2016-10-07,2026-10-06,2468
MWL.NS,2022-07-25,2026-10-06,1037
ICEMAKE.NS,2017-12-08,2026-10-06,2177
THEMISMED.NS,2016-10-07,2026-10-06,2468
ONIXSOLAR.NS,2026-08-18,2026-10-06,31
IRMENERGY.NS,2023-10-26,2026-10-06,728
SHREDIGCEM.NS,2019-08-19,2026-10-06,1765
BIL.NS,2016-10-07,2026-10-06,2465
RIIL.NS,2016-10-07,2026-10-06,2470
WAAREEINDO.NS,2016-10-07,2026-10-06,2468
BALAJITELE.NS,2016-10-07,2026-10-06,2468
UTTAMSUGAR.NS,2016-10-07,2026-10-06,2469
COMSYN.NS,2024-01-23,2026-10-06,668
BUTTERFLY.NS,2016-10-07,2026-10-06,2468
AKCAPIT.NS,2026-04-20,2026-10-06,114
DHAMPURSUG.NS,2016-10-07,2026-10-06,2470
MUNJALAU.NS,2016-10-07,2026-10-06,2469
ORIENTTECH.NS,2024-08-28,2026-10-06,524
VHL.NS,2016-10-07,2026-10-06,2468
ALICON.NS,2016-10-07,2026-10-06,2467
MONTECARLO.NS,2016-10-07,2026-10-06,2468
BOROSCI.NS,2024-06-07,2026-10-06,578
ARIHANTSUP.NS,2017-03-29,2026-10-06,2351
GREENPOWER.NS,2016-10-07,2026-10-06,2469
LAXMIDENTL.NS,2025-01-20,2026-10-06,425
AWHCL.NS,2021-01-01,2026-10-06,1423
CENTRUM.NS,2018-04-04,2026-10-06,2101
GANDHITUBE.NS,2016-10-07,2026-10-06,2466
HARIOMPIPE.NS,2022-04-13,2026-10-06,1106
SALSTEEL.NS,2016-10-07,2026-10-06,2467
BIRLANU.NS,2016-10-07,2026-10-06,2466
MADRASFERT.NS,2016-10-07,2026-10-06,2467
BCLIND.NS,2021-03-04,2026-10-06,1380
BAJAJHCARE.NS,2021-11-25,2026-10-06,1204
SEPC.NS,2016-10-07,2026-10-06,2469
JPOLYINVST.NS,2016-10-07,2026-10-06,2466
AFSL.NS,2022-12-23,2026-10-06,931
GRPLTD.NS,2016-10-07,2026-10-06,2467
MATRIMONY.NS,2017-09-21,2026-10-06,2232
FINKURVE.NS,2025-10-06,2026-10-06,247
JINDALPHOT.NS,2016-10-07,2026-10-06,2467
JYOTIRES.NS,2026-08-18,2026-10-06,32
SRM.NS,2024-04-03,2026-10-06,621
CREST.NS,2016-10-07,2026-10-06,2467
KRISHIVAL.NS,2022-04-18,2026-10-06,1103
HMAAGRO.NS,2023-07-04,2026-10-06,803
JARO.NS,2025-09-30,2026-10-06,250
NELCAST.NS,2016-10-07,2026-10-06,2468
ARIHANT.NS,2016-10-07,2026-10-06,1440
NAHARSPING.NS,2016-10-07,2026-10-06,2468
SALASAR.NS,2017-07-25,2026-10-06,2274
DAMCAPITAL.NS,2024-12-27,2026-10-06,441
XTRANET.NS,2026-07-30,2026-10-06,44
MMP.NS,2018-04-26,2026-10-06,2082
UNITECH.NS,2016-10-07,2026-10-06,2469
MASTERTR.NS,2024-12-06,2026-10-06,453
AMNPLST.NS,2023-11-10,2026-10-06,715
ZUARI.NS,2016-10-07,2026-10-06,2470
SUBEXLTD.NS,2016-10-07,2026-10-06,2468
TNPETRO.NS,2016-10-07,2026-10-06,2469
IRISDOREME.NS,2018-11-16,2026-10-06,1944
MAMATA.NS,2024-12-27,2026-10-06,440
PREMIERPOL.NS,2016-10-07,2026-10-06,2468
UNIECOM.NS,2024-08-13,2026-10-06,533
DVL.NS,2016-10-07,2026-10-06,2467
ESTER.NS,2016-10-07,2026-10-06,2469
TNPL.NS,2016-10-07,2026-10-06,2467
SALZERELEC.NS,2016-10-07,2026-10-06,2469
PRIMESECU.NS,2016-10-07,2026-10-06,2466
BSHSL.NS,2018-05-10,2026-10-06,2073
DWARKESH.NS,2016-10-07,2026-10-06,2468
CONTROLPR.NS,2016-10-07,2026-10-06,2467
HEALTHX.NS,2016-10-07,2026-10-06,2466
GKWLIMITED.NS,2016-10-07,2026-10-06,2466
REGAAL.NS,2025-08-20,2026-10-06,279
SURAJEST.NS,2023-12-26,2026-10-06,688
SGIL.NS,2021-07-28,2026-10-06,1282
AMBIKCO.NS,2016-10-07,2026-10-06,2467
VADILENT.NS,2026-08-19,2026-10-06,30
SWELECTES.NS,2016-10-07,2026-10-06,2467
DHARMAJ.NS,2022-12-08,2026-10-06,944
WEALTH.NS,2017-03-21,2026-10-06,2357
KRYSTAL.NS,2024-03-21,2026-10-06,626
PDMJEPAPER.NS,2016-10-07,2026-10-06,2468
SUDARCOLOR.NS,2016-10-07,2026-10-06,2467
WANBURY.NS,2016-10-07,2026-10-06,2468
HIMATSEIDE.NS,2016-10-07,2026-10-06,2469
KECL.NS,2016-10-07,2026-10-06,2469
MAFATIND.NS,2026-04-23,2026-10-06,112
UNITEDPOLY.NS,2017-03-16,2026-10-06,2358
RITCO.NS,2022-04-12,2026-10-06,1106
FEDDERSHOL.NS,2026-04-21,2026-10-06,114
HEXATRADEX.NS,2016-10-07,2026-10-06,2466
ORIRAIL.NS,2026-08-18,2026-10-06,32
ORICONENT.NS,2016-10-07,2026-10-06,2468
GEMAROMA.NS,2025-08-26,2026-10-06,274
SUMEETINDS.NS,2016-10-07,2026-10-06,2466
WCIL.NS,2024-09-24,2026-10-06,505
SUYOG.NS,2024-08-20,2026-10-06,527
ARIHANTCAP.NS,2021-06-15,2026-10-06,1314
LGHL.NS,2020-05-05,2026-10-06,1590
IFBAGRO.NS,2016-10-07,2026-10-06,2469
MAXIND.NS,2020-08-28,2026-10-06,1508
NRAIL.NS,2017-04-05,2026-10-06,2347
BORANA.NS,2025-05-27,2026-10-06,338
AHCL.NS,2025-09-03,2026-10-06,271
PRECOT.NS,2016-10-07,2026-10-06,2466
ANUHPHR.NS,2024-12-20,2026-10-06,443
NDTV.NS,2016-10-07,2026-10-06,2469
ROHLTD.NS,2016-10-07,2026-10-06,2466
MEIL.NS,2025-08-28,2026-10-06,274
DBOL.NS,2022-09-08,2026-10-06,1006
LIKHITHA.NS,2020-10-15,2026-10-06,1478
TVSELECT.NS,2016-10-07,2026-10-06,2468
MAGADSUGAR.NS,2017-07-28,2026-10-06,2269
SOLEX.NS,2018-02-06,2026-10-06,2134
JITFINFRA.NS,2017-02-27,2026-10-06,2371
EXCELSOFT.NS,2025-11-26,2026-10-06,214
SRHHYPOLTD.NS,2016-10-07,2026-10-06,2468
ZUARIIND.NS,2016-10-07,2026-10-06,2468
RADHIKAJWE.NS,2022-07-18,2026-10-06,1041
SUPREMEINF.NS,2016-10-07,2026-10-06,2467
CIFL.NS,2025-04-17,2026-10-06,364
KOKUYOCMLN.NS,2016-10-07,2026-10-06,2469
KELLTONTEC.NS,2016-10-07,2026-10-06,2469
OMINFRAL.NS,2016-10-07,2026-10-06,2466
NCLIND.NS,2016-10-07,2026-10-06,2468
DECCANCE.NS,2016-10-07,2026-10-06,2466
PROSTARM.NS,2025-06-03,2026-10-06,334
SCODATUBES.NS,2025-06-04,2026-10-06,333
SEJALLTD.NS,2016-10-07,2026-10-06,2468
ATL.NS,2023-08-10,2026-10-06,775
ARYAMAN.NS,2026-08-18,2026-10-06,31
ELDEHSG.NS,2022-04-12,2026-10-06,1106
SARLAPOLY.NS,2016-10-07,2026-10-06,2468
STANLEY.NS,2024-06-28,2026-10-06,563
20MICRONS.NS,2016-10-07,2026-10-06,2468
PATELRMART.NS,2025-08-26,2026-10-06,275
VISAKAIND.NS,2016-10-07,2026-10-06,2467
ASAL.NS,2016-10-07,2026-10-06,2470
KOTHARIPET.NS,2016-10-07,2026-10-06,2466
ADVENTHTL.NS,2025-11-13,2026-10-06,223
VLSFINANCE.NS,2016-10-07,2026-10-06,2467
SANDESH.NS,2016-10-07,2026-10-06,2466
GICHSGFIN.NS,2016-10-07,2026-10-06,2469
DENTA.NS,2025-01-29,2026-10-06,418
MVGJL.NS,2023-10-03,2026-10-06,740
ADVANCE.NS,2025-10-08,2026-10-06,246
MUKKA.NS,2024-03-07,2026-10-06,636
DMCC.NS,2021-12-01,2026-10-06,1198
RAJPALAYAM.NS,2026-04-15,2026-10-06,119
MODIS.NS,2025-11-14,2026-10-06,220
MERCURYEV.NS,2026-06-02,2026-10-06,87
BIRLAMONEY.NS,2016-10-07,2026-10-06,2468
BAJAJINDEF.NS,2025-02-21,2026-10-06,398
PVSL.NS,2024-03-19,2026-10-06,630
MAANALU.NS,2016-10-07,2026-10-06,2467
VASCONEQ.NS,2016-10-07,2026-10-06,2469
GANESHCP.NS,2025-09-29,2026-10-06,250
STCINDIA.NS,2016-10-07,2026-10-06,2468
SGRL.NS,2026-08-18,2026-10-06,32
EMKAY.NS,2016-10-07,2026-10-06,2467
AGARIND.NS,2016-10-07,2026-10-06,2467
SPELS.NS,2026-08-18,2026-10-06,28
BLAL.NS,2023-04-19,2026-10-06,857
HERANBA.NS,2021-03-05,2026-10-06,1380
PROZONER.NS,2016-10-07,2026-10-06,2468
XCHANGING.NS,2016-10-07,2026-10-06,2468
SOUTHWEST.NS,2018-02-19,2026-10-06,2131
VIRAT.NS,2026-08-18,2026-10-06,32
ZIMLAB.NS,2022-11-25,2026-10-06,952
KAMATHOTEL.NS,2016-10-07,2026-10-06,2467
DCI.NS,2020-01-10,2026-10-06,1665
JAYAGROGN.NS,2016-10-07,2026-10-06,2466
TVTODAY.NS,2016-10-07,2026-10-06,2468
TREL.NS,2023-08-10,2026-10-06,775
INDOFARM.NS,2025-01-07,2026-10-06,433
CHEVIOT.NS,2022-06-20,2026-10-06,1061
KANPRPLA.NS,2021-01-04,2026-10-06,1420
GLOSTERLTD.NS,2024-04-26,2026-10-06,605
LAXMIINDIA.NS,2025-08-05,2026-10-06,288
CCCL.NS,2016-10-07,2026-10-06,2465
MANBA.NS,2024-09-30,2026-10-06,498
FABTECH.NS,2025-10-07,2026-10-06,247
DCMSIL.NS,2026-02-17,2026-10-06,156
KSOLVES.NS,2020-08-07,2026-10-06,1525
VAKRANGEE.NS,2016-10-07,2026-10-06,2469
INNOVANA.NS,2017-12-12,2026-10-06,2173
KUANTUM.NS,2019-10-23,2026-10-06,1720
ONWARDTEC.NS,2016-10-07,2026-10-06,2466
ARIES.NS,2016-10-07,2026-10-06,2466
SNOWMAN.NS,2016-10-07,2026-10-06,2469
SAURASHCEM.NS,2024-02-27,2026-10-06,644
DHUNINV.NS,2016-10-07,2026-10-06,2467
BESTAGRO.NS,2021-02-22,2026-10-06,1388
MALLCOM.NS,2022-02-02,2026-10-06,1152
MANAKSTEEL.NS,2016-10-07,2026-10-06,2467
HARDWYN.NS,2022-04-12,2026-10-06,1107
HTMEDIA.NS,2016-10-07,2026-10-06,2466
UGARSUGAR.NS,2016-10-07,2026-10-06,2470
ZFSTEERING.NS,2026-04-21,2026-10-06,114
NAHARPOLY.NS,2016-10-07,2026-10-06,2467
MANBRO.NS,2026-08-18,2026-10-06,22
SHIVAUM.NS,2019-10-17,2026-10-06,1721
HINDCOMPOS.NS,2016-10-07,2026-10-06,2466
GTPL.NS,2017-07-04,2026-10-06,2287
ADSL.NS,2016-10-07,2026-10-06,2469
BIGBLOC.NS,2016-10-07,2026-10-06,2469
GFLLIMITED.NS,2016-10-07,2026-10-06,2467
INDOTHAI.NS,2016-10-07,2026-10-06,2468
GLOTTIS.NS,2025-10-07,2026-10-06,248
PYRAMID.NS,2023-08-29,2026-10-06,764
SHRJAGP.NS,2026-08-18,2026-10-06,32
INNOVISION.NS,2026-03-23,2026-10-06,134
NBIFIN.NS,2016-12-07,2026-10-06,2427
NAHARINDUS.NS,2016-10-07,2026-10-06,2468
VTMLTD.NS,2026-08-11,2026-10-06,35
ZEEMEDIA.NS,2016-10-07,2026-10-06,2468
RBZJEWEL.NS,2023-12-27,2026-10-06,684
MAWANASUG.NS,2016-10-07,2026-10-06,2470
SOFTTECH.NS,2018-05-25,2026-10-06,2062
SREEL.NS,2016-10-07,2026-10-06,2467
SATIA.NS,2019-07-17,2026-10-06,1784
HAZOOR.NS,2026-08-21,2026-10-06,29
TPLPLASTEH.NS,2016-10-07,2026-10-06,2469
SHREERAMA.NS,2016-10-07,2026-10-06,2466
VISACHROME.NS,2016-10-07,2026-10-06,2468
KSE.NS,2026-08-11,2026-10-06,36
LINC.NS,2016-10-07,2026-10-06,2468
MINDTECK.NS,2016-10-07,2026-10-06,2467
AQYLON.NS,2016-10-07,2026-10-06,2468
ORIENTBELL.NS,2016-10-07,2026-10-06,2468
ORIENTCER.NS,2016-10-07,2026-10-06,2466
DICIND.NS,2016-10-07,2026-10-06,2467
GLOBAL.NS,2017-03-15,2026-10-06,2359
CEWATER.NS,2024-12-27,2026-10-06,439
SAYAJIHOTL.NS,2026-04-13,2026-10-06,116
KNAGRI.NS,2022-04-11,2026-10-06,1105
KHAICHEM.NS,2020-10-30,2026-10-06,1466
PANSARI.NS,2017-03-22,2026-10-06,2353
OSWALGREEN.NS,2016-10-07,2026-10-06,2469
CHEMFAB.NS,2018-04-25,2026-10-06,2084
MUNJALSHOW.NS,2016-10-07,2026-10-06,2469
MANCREDIT.NS,2024-08-16,2026-10-06,529
ELIN.NS,2022-12-30,2026-10-06,928
MCLEODRUSS.NS,2016-10-07,2026-10-06,2467
CSLFINANCE.NS,2022-07-21,2026-10-06,1036
SILINV.NS,2016-10-07,2026-10-06,2467
DISHTV.NS,2016-10-07,2026-10-06,2469
PRIMO.NS,2025-04-22,2026-10-06,361
IRIS.NS,2021-11-08,2026-10-06,1212
ALBERTDAVD.NS,2016-10-07,2026-10-06,2467
INTLCONV.NS,2021-09-16,2026-10-06,1250
URJA.NS,2017-03-28,2026-10-06,2355
PTL.NS,2016-10-07,2026-10-06,2467
AZADIND.NS,2026-08-18,2026-10-06,32
OSWALAGRO.NS,2018-09-14,2026-10-06,1989
CSM.NS,2026-07-02,2026-10-06,64
ENIL.NS,2016-10-07,2026-10-06,2467
SUKHJITS.NS,2022-11-07,2026-10-06,964
MUFTI.NS,2023-12-27,2026-10-06,685
THEINVEST.NS,2017-08-03,2026-10-06,2263
NILASPACES.NS,2018-12-28,2026-10-06,1919
PLASTIBLEN.NS,2016-10-07,2026-10-06,2469
RUSHIL.NS,2016-10-07,2026-10-06,2470
BMWVENTLTD.NS,2025-10-01,2026-10-06,250
SCHAND.NS,2017-05-09,2026-10-06,2324
SIGMA.NS,2020-11-12,2026-10-06,1457
BBTCL.NS,2018-10-31,2026-10-06,1955
RAMANEWS.NS,2016-10-07,2026-10-06,2466
RKSWAMY.NS,2024-03-12,2026-10-06,634
WSI.NS,2016-10-07,2026-10-06,2452
ADVANIHOTR.NS,2016-10-07,2026-10-06,2468
POEL.NS,2026-08-18,2026-10-06,32
IGCL.NS,2025-07-03,2026-10-06,311
HALEOSLABS.NS,2017-08-18,2026-10-06,2252
GUJAPOLLO.NS,2016-10-07,2026-10-06,2466
ABCOTS.NS,2022-01-25,2026-10-06,1156
KRITINUT.NS,2022-10-07,2026-10-06,984
RAMAPHO.NS,2022-08-05,2026-10-06,1026
REPRO.NS,2016-10-07,2026-10-06,2466
DENORA.NS,2016-10-07,2026-10-06,2467
DONEAR.NS,2016-10-07,2026-10-06,2467
ATALREAL.NS,2020-11-19,2026-10-06,1450
MIRZAINT.NS,2016-10-07,2026-10-06,2468
MANORG.NS,2021-11-02,2026-10-06,1217
NDL.NS,2016-10-07,2026-10-06,2469
NAHARCAP.NS,2016-10-07,2026-10-06,2466
XTGLOBAL.NS,2024-09-16,2026-10-06,509
HLVLTD.NS,2016-10-07,2026-10-06,2467
VINYLINDIA.NS,2016-10-07,2026-10-06,2466
LANCER.NS,2026-08-11,2026-10-06,35
SBGLP.NS,2023-02-10,2026-10-06,897
GOKUL.NS,2016-10-07,2026-10-06,2466
RADIANTCMS.NS,2023-01-04,2026-10-06,925
SARVESHWAR.NS,2018-03-15,2026-10-06,2111
S&SPOWER.NS,2020-03-30,2026-10-06,1607
SINCLAIR.NS,2024-04-10,2026-10-06,615
BATLIBOI.NS,2026-04-15,2026-10-06,119
LIBERTSHOE.NS,2016-10-07,2026-10-06,2467
VRAJ.NS,2024-07-03,2026-10-06,561
THOMASCOTT.NS,2016-10-07,2026-10-06,2466
DCMSRIND.NS,2021-12-24,2026-10-06,1181
MANOMAY.NS,2023-01-18,2026-10-06,913
NICCOPAR.NS,2026-08-18,2026-10-06,31
KOTHARIPRO.NS,2016-10-07,2026-10-06,2468
ACL.NS,2016-10-07,2026-10-06,2466
OMAXAUTO.NS,2016-10-07,2026-10-06,2468
AUTOIND.NS,2016-10-07,2026-10-06,2468
NDLVENTURE.NS,2016-10-07,2026-10-06,2464
JKIPL.NS,2025-10-03,2026-10-06,249
VPRPL.NS,2023-09-05,2026-10-06,761
LORDSCHLO.NS,2023-08-28,2026-10-06,762
AFIL.NS,2024-06-26,2026-10-06,566
SRGHFL.NS,2023-08-21,2026-10-06,768
BANSWRAS.NS,2016-10-07,2026-10-06,2466
MONEYBOXX.NS,2025-10-15,2026-10-06,239
MUTHOOTCAP.NS,2016-10-07,2026-10-06,2467
AVONMORE.NS,2023-01-04,2026-10-06,925
FOODSIN.NS,2021-11-16,2026-10-06,1208
AEPL.NS,2026-03-12,2026-10-06,139
SURAJLTD.NS,2024-08-29,2026-10-06,518
MANAKSIA.NS,2016-10-07,2026-10-06,2467
TARACHAND.NS,2018-03-23,2026-10-06,2104
MARKOLINES.NS,2025-10-14,2026-10-06,240
SAHYADRI.NS,2023-04-06,2026-10-06,861
TOLINS.NS,2024-09-16,2026-10-06,509
PAKKA.NS,2023-07-11,2026-10-06,798
TERASOFT.NS,2016-12-29,2026-10-06,2413
RUBFILA.NS,2024-08-09,2026-10-06,532
SHAH.NS,2016-10-07,2026-10-06,2465
VISHAL.NS,2026-08-11,2026-10-06,35
EUROBOND.NS,2022-01-07,2026-10-06,1168
HALDER.NS,2026-01-19,2026-10-06,175
ORIENTPPR.NS,2016-10-07,2026-10-06,2468
EMAMIREAL.NS,2016-10-07,2026-10-06,2468
HARRMALAYA.NS,2016-10-07,2026-10-06,2468
MBLINFRA.NS,2016-10-07,2026-10-06,2469
ASHIMASYN.NS,2016-10-07,2026-10-06,2468
DCMNVL.NS,2019-07-16,2026-10-06,1787
DREAMFOLKS.NS,2022-09-06,2026-10-06,1007
DIGISPICE.NS,2016-10-07,2026-10-06,2467
TECHNOCRAF.NS,2026-08-14,2026-10-06,33
HCL-INSYS.NS,2016-10-07,2026-10-06,2470
DAVANGERE.NS,2024-01-25,2026-10-06,666
SHANKARA.NS,2017-04-05,2026-10-06,2346
IITL.NS,2016-10-07,2026-10-06,2465
MEDICO.NS,2022-05-26,2026-10-06,1077
MEGASTAR.NS,2022-02-16,2026-10-06,1143
ESSARSHPNG.NS,2016-10-07,2026-10-06,2467
TREJHARA.NS,2018-12-28,2026-10-06,1917
KAVDEFENCE.NS,2016-10-07,2026-10-06,2467
BEDMUTHA.NS,2016-10-07,2026-10-06,2466
PONNIERODE.NS,2016-10-07,2026-10-06,2465
DEVX.NS,2025-09-17,2026-10-06,259
CPEDU.NS,2025-09-05,2026-10-06,267
MEDICAMEQ.NS,2021-10-27,2026-10-06,1220
MODIRUBBER.NS,2018-06-20,2026-10-06,2045
EXXARO.NS,2021-08-16,2026-10-06,1269
GOACARBON.NS,2016-10-07,2026-10-06,2467
BELLACASA.NS,2025-07-18,2026-10-06,300
KRITI.NS,2016-10-07,2026-10-06,2464
NIMBSPROJ.NS,2026-04-06,2026-10-06,126
HILINFRA.NS,2025-08-12,2026-10-06,284
BIRLAPREC.NS,2026-04-20,2026-10-06,114
HPAL.NS,2021-12-27,2026-10-06,1179
TRACXN.NS,2022-10-20,2026-10-06,977
APOLSINHOT.NS,2016-10-07,2026-10-06,2466
GENUSPAPER.NS,2016-10-07,2026-10-06,2466
TIGERLOGS.NS,2025-09-18,2026-10-06,260
AXITA.NS,2022-06-21,2026-10-06,1059
RUCHIRA.NS,2016-10-07,2026-10-06,2468
ELGIRUBCO.NS,2016-10-07,2026-10-06,2469
REMSONSIND.NS,2016-10-07,2026-10-06,2468
ATLANTAA.NS,2016-10-07,2026-10-06,2467
CINELINE.NS,2016-10-07,2026-10-06,2468
KMSUGAR.NS,2016-10-07,2026-10-06,2469
VGL.NS,2016-10-07,2026-10-06,2467
NATHBIOGEN.NS,2016-10-07,2026-10-06,2467
AAREYDRUGS.NS,2021-08-06,2026-10-06,1273
ALMONDZ.NS,2016-10-07,2026-10-06,2469
A2ZINFRA.NS,2016-10-07,2026-10-06,2467
MAHEPC.NS,2020-02-14,2026-10-06,1642
APCL.NS,2017-04-10,2026-10-06,2343
SONAMLTD.NS,2018-06-28,2026-10-06,2039
RHL.NS,2023-04-25,2026-10-06,851
VARDMNPOLY.NS,2016-10-07,2026-10-06,2466
JAYSREETEA.NS,2016-10-07,2026-10-06,2466
DYNPRO.NS,2017-07-19,2026-10-06,2275
AARON.NS,2018-09-18,2026-10-06,1983
RNBDENIMS.NS,2025-09-04,2026-10-06,269
NDGL.NS,2016-10-07,2026-10-06,2465
KALYANIFRG.NS,2016-10-07,2026-10-06,2464
GLOBECIVIL.NS,2025-07-01,2026-10-06,313
COASTCORP.NS,2021-10-08,2026-10-06,1232
SPENCERS.NS,2019-01-25,2026-10-06,1899
SAKUMA.NS,2016-10-07,2026-10-06,2469
NILAINFRA.NS,2016-10-07,2026-10-06,2468
RPPINFRA.NS,2016-10-07,2026-10-06,2467
IVC.NS,2016-10-07,2026-10-06,2468
PODDARMENT.NS,2016-11-22,2026-10-06,2438
GICL.NS,2017-03-15,2026-10-06,2358
SOMATEX.NS,2016-10-07,2026-10-06,2463
RMC.NS,2026-04-02,2026-10-06,128
DJML.NS,2022-12-05,2026-10-06,946
SHRADHA.NS,2017-12-11,2026-10-06,2173
UFO.NS,2016-10-07,2026-10-06,2467
MANAKALUCO.NS,2016-10-07,2026-10-06,2468
GEEKAYWIRE.NS,2017-08-24,2026-10-06,2251
PAVNAIND.NS,2021-03-24,2026-10-06,1368
SRD.NS,2024-10-09,2026-10-06,491
FCSSOFT.NS,2016-10-07,2026-10-06,2468
ANNAPURNA.NS,2022-09-27,2026-10-06,991
MKEXIM.NS,2026-08-18,2026-10-06,32
TRF.NS,2016-10-07,2026-10-06,2468
GENCON.NS,2021-02-16,2026-10-06,1392
WORTHPERI.NS,2017-09-27,2026-10-06,2225
STARTECK.NS,2022-05-04,2026-10-06,1093
VIKASLIFE.NS,2019-05-08,2026-10-06,1835
LANCORHOL.NS,2024-03-12,2026-10-06,634
BIMETAL.NS,2026-04-15,2026-10-06,117
SUMIT.NS,2018-09-26,2026-10-06,1978
BPL.NS,2016-10-07,2026-10-06,2469
EMPOWER.NS,2026-08-19,2026-10-06,31
SAKHTISUG.NS,2016-10-07,2026-10-06,2468
NIPPOBATRY.NS,2016-10-07,2026-10-06,2467
DIAMINESQ.NS,2023-09-25,2026-10-06,743
SHIVATEX.NS,2016-10-07,2026-10-06,2466
NECLIFE.NS,2016-10-07,2026-10-06,2469
RVHL.NS,2020-12-18,2026-10-06,1430
AHLEAST.NS,2016-10-07,2026-10-06,2466
STARPAPER.NS,2016-10-07,2026-10-06,2468
SAHLIBHFI.NS,2026-04-10,2026-10-06,121
TAKE.NS,2016-10-07,2026-10-06,2467
PLAZACABLE.NS,2023-10-12,2026-10-06,734
MARALOVER.NS,2016-10-07,2026-10-06,2466
RANASUG.NS,2016-10-07,2026-10-06,2468
CHEMBOND.NS,2019-11-20,2026-10-06,1702
PKTEA.NS,2016-10-07,2026-10-06,2465
RADIOCITY.NS,2017-03-17,2026-10-06,2359
LOTUSEYE.NS,2016-10-07,2026-10-06,2465
VMSTMT.NS,2025-09-24,2026-10-06,255
GILLANDERS.NS,2016-10-07,2026-10-06,2466
UNITEDTEA.NS,2016-10-07,2026-10-06,2466
SSDL.NS,2024-08-20,2026-10-06,528
RVTH.NS,2024-09-11,2026-10-06,511
ROSSELLIND.NS,2016-10-07,2026-10-06,2467
SURANAT&P.NS,2016-10-07,2026-10-06,2467
ALANKIT.NS,2016-10-07,2026-10-06,2467
CALSOFT.NS,2016-10-07,2026-10-06,2468
SINTERCOM.NS,2018-02-15,2026-10-06,2129
IWP.NS,2026-04-20,2026-10-06,114
COMPEAU.NS,2026-08-18,2026-10-06,31
JMA.NS,2016-10-07,2026-10-06,2466
BALAJEE.NS,2024-09-12,2026-10-06,510
PIGL.NS,2018-05-08,2026-10-06,2076
TEAMGTY.NS,2016-10-07,2026-10-06,2466
SICAGEN.NS,2016-10-07,2026-10-06,1304
NATCAPSUQ.NS,2025-02-14,2026-10-06,402
ALPINETEX.NS,2026-07-21,2026-10-06,51
CCHHL.NS,2016-10-07,2026-10-06,2466
AARVI.NS,2017-10-06,2026-10-06,2219
ARCHIDPLY.NS,2016-10-07,2026-10-06,2467
VSTL.NS,2024-02-20,2026-10-06,648
RUDRA.NS,2025-12-19,2026-10-06,196
AERONEU.NS,2023-01-12,2026-10-06,918
CPCAP.NS,2016-10-07,2026-10-06,2467
WATERBASE.NS,2026-08-11,2026-10-06,35
NATIONSTD.NS,2026-04-20,2026-10-06,113
ASPINWALL.NS,2016-10-07,2026-10-06,2466
NITIRAJ.NS,2017-03-16,2026-10-06,2358
GLOBALVECT.NS,2016-10-07,2026-10-06,2466
SHAHALLOYS.NS,2016-10-07,2026-10-06,2467
BCONCEPTS.NS,2018-01-12,2026-10-06,2150
AUSOMENT.NS,2016-10-07,2026-10-06,2466
VIKASECO.NS,2016-10-07,2026-10-06,2468
ZODIACLOTH.NS,2016-10-07,2026-10-06,2466
TAINWALCHM.NS,2016-10-07,2026-10-06,2466
SILGO.NS,2018-10-29,2026-10-06,1957
INTENTECH.NS,2017-03-23,2026-10-06,2354
ABANSENT.NS,2026-08-18,2026-10-06,31
SUPERHOUSE.NS,2016-10-07,2026-10-06,2467
TRIGYN.NS,2016-10-07,2026-10-06,2467
COMFINTE.NS,2026-04-20,2026-10-06,114
ESSENTIA.NS,2016-10-07,2026-10-06,2466
AIRAN.NS,2017-07-25,2026-10-06,2271
SPCENET.NS,2016-10-07,2026-10-06,2465
PILITA.NS,2016-10-07,2026-10-06,2467
ARVEE.NS,2018-02-22,2026-10-06,2123
MODTHREAD.NS,2024-02-16,2026-10-06,649
MURUDCERA.NS,2016-10-07,2026-10-06,2468
IPRINGLTD.NS,2026-08-11,2026-10-06,36
VIPCLOTHNG.NS,2016-10-07,2026-10-06,2468
DRCSYSTEMS.NS,2021-03-10,2026-10-06,1374
CENTEXT.NS,2016-10-07,2026-10-06,2468
UMIYA-MRO.NS,2016-10-07,2026-10-06,2467
DTIL.NS,2016-10-07,2026-10-06,2466
NIRAJ.NS,2020-10-01,2026-10-06,1486
RACE.NS,2023-05-09,2026-10-06,841
SHREYANIND.NS,2016-10-07,2026-10-06,2467
METROGLOBL.NS,2026-04-22,2026-10-06,114
AVANCE.NS,2026-08-18,2026-10-06,31
TTL.NS,2016-10-07,2026-10-06,2467
VIRINCHI.NS,2023-05-03,2026-10-06,848
SECMARK.NS,2023-10-16,2026-10-06,731
INDOUS.NS,2024-09-27,2026-10-06,499
VASWANI.NS,2016-10-07,2026-10-06,2466
MCL.NS,2017-03-15,2026-10-06,2362
AMJLAND.NS,2016-10-07,2026-10-06,2466
BAIDFIN.NS,2023-01-20,2026-10-06,911
LAL.NS,2023-04-10,2026-10-06,860
BTML.NS,2020-11-12,2026-10-06,1454
MKPL.NS,2017-07-27,2026-10-06,2267
SHBAJRG.NS,2026-04-21,2026-10-06,113
ISFT.NS,2016-10-07,2026-10-06,2466
MAHAPEXLTD.NS,2018-04-05,2026-10-06,2098
SADBHAV.NS,2016-10-07,2026-10-06,2466
INDTERRAIN.NS,2016-10-07,2026-10-06,2466
SRTL.NS,2026-03-02,2026-10-06,147
INCREDIBLE.NS,2016-10-07,2026-10-06,2466
SUPREME.NS,2025-02-03,2026-10-06,411
FILATFASH.NS,2024-05-06,2026-10-06,601
PML.NS,2026-04-20,2026-10-06,114
GVPTECH.NS,2017-03-15,2026-10-06,2359
BRIGHTBR.NS,2026-08-18,2026-10-06,30
KAMOPAINTS.NS,2023-01-24,2026-10-06,910
INDOWIND.NS,2016-10-07,2026-10-06,2467
TARMAT.NS,2016-10-07,2026-10-06,2467
KRITIKA.NS,2018-10-26,2026-10-06,1957
BRNL.NS,2017-09-18,2026-10-06,2234
TIPSFILMS.NS,2022-10-06,2026-10-06,985
PRAENG.NS,2016-10-07,2026-10-06,2466
RELIABLE.NS,2017-10-12,2026-10-06,2213
LAMBODHARA.NS,2016-10-07,2026-10-06,2467
SALONA.NS,2016-10-07,2026-10-06,2466
HPIL.NS,2020-02-11,2026-10-06,1643
WIPL.NS,2017-04-18,2026-10-06,2337
KEYFINSERV.NS,2016-10-07,2026-10-06,2466
DEVIT.NS,2017-07-27,2026-10-06,2269
INDBANK.NS,2016-10-07,2026-10-06,2470
DGCONTENT.NS,2019-06-18,2026-10-06,1804
RUCHINFRA.NS,2016-10-07,2026-10-06,2466
LAGNAM.NS,2018-10-04,2026-10-06,1973
BALPHARMA.NS,2016-10-07,2026-10-06,2467
TEXMOPIPES.NS,2016-10-07,2026-10-06,2467
ALPA.NS,2016-10-07,2026-10-06,2466
CORALFINAC.NS,2017-03-29,2026-10-06,2351
SAMPANN.NS,2016-10-07,2026-10-06,2466
AIROLAM.NS,2017-10-06,2026-10-06,2219
VGCL.NS,2026-08-18,2026-10-06,31
VISHWARAJ.NS,2019-10-15,2026-10-06,1725
MAGNUM.NS,2016-10-07,2026-10-06,2466
HECPROJECT.NS,2017-03-21,2026-10-06,2355
ANIKINDS.NS,2016-10-07,2026-10-06,2467
KOHINOOR.NS,2016-10-07,2026-10-06,2466
LATTEYS.NS,2018-06-20,2026-10-06,2044
KREBSBIO.NS,2016-10-27,2026-10-06,2454
STEELCITY.NS,2017-03-16,2026-10-06,2359
SURANASOL.NS,2016-10-07,2026-10-06,2467
BSL.NS,2016-10-07,2026-10-06,2466
CHEMCRUX.NS,2026-08-18,2026-10-06,31
INDIANCARD.NS,2016-10-07,2026-10-06,2466
BALAXI.NS,2016-10-07,2026-10-06,2467
SIL.NS,2016-10-07,2026-10-06,2467
PAR.NS,2019-05-30,2026-10-06,1816
ISHANCH.NS,2025-03-25,2026-10-06,378
AAATECH.NS,2020-11-12,2026-10-06,1455
RAJSREESUG.NS,2016-10-07,2026-10-06,2468
XELPMOC.NS,2019-02-04,2026-10-06,1891
USK.NS,2023-04-03,2026-10-06,863
MAKERSL.NS,2026-08-18,2026-10-06,32
HINDCON.NS,2018-03-12,2026-10-06,2114
GANGESSECU.NS,2017-07-31,2026-10-06,2266
OBCL.NS,2022-04-07,2026-10-06,1108
SAMBHAAV.NS,2016-10-07,2026-10-06,2467
GTL.NS,2016-10-07,2026-10-06,2469
ZENITHEXPO.NS,2016-10-07,2026-10-06,2465
BCPL.NS,2026-03-27,2026-10-06,130
CROWN.NS,2017-03-16,2026-10-06,2357
GROBTEA.NS,2016-10-07,2026-10-06,2468
WEIZMANIND.NS,2016-10-07,2026-10-06,2467
GSLSU.NS,2023-03-23,2026-10-06,869
TOTAL.NS,2017-08-07,2026-10-06,2259
SOMICONVEY.NS,2016-10-07,2026-10-06,2465
CUBEXTUB.NS,2016-10-07,2026-10-06,2467
LOVABLE.NS,2016-10-07,2026-10-06,2468
OSWALSEEDS.NS,2018-07-04,2026-10-06,2035
SURYALAXMI.NS,2016-10-07,2026-10-06,2466
LOYALTEX.NS,2022-08-11,2026-10-06,1021
VAISHALI.NS,2017-08-22,2026-10-06,2251
NORBTEAEXP.NS,2016-10-07,2026-10-06,2445
NARMADA.NS,2018-05-04,2026-10-06,2076
COMPUSOFT.NS,2016-10-07,2026-10-06,2467
JETFREIGHT.NS,2017-03-15,2026-10-06,2360
DIGJAMLMTD.NS,2016-10-07,2026-10-06,2465
BEARDSELL.NS,2016-10-07,2026-10-06,2468
MUKESHB.NS,2026-08-18,2026-10-06,29
BHANDARI.NS,2017-01-30,2026-10-06,2392
INVENTURE.NS,2016-10-07,2026-10-06,2468
AMDIND.NS,2016-10-07,2026-10-06,2467
HILTON.NS,2016-10-07,2026-10-06,2468
ARTNIRMAN.NS,2017-03-15,2026-10-06,2359
LANDSMILL.NS,2016-10-07,2026-10-06,2465
BVCL.NS,2016-10-07,2026-10-06,2466
SPLIL.NS,2016-10-07,2026-10-06,2466
BAGFILMS.NS,2016-10-07,2026-10-06,2469
LPDC.NS,2016-10-07,2026-10-06,2467
PRAXIS.NS,2018-01-31,2026-10-06,2141
SELMC.NS,2016-10-07,2026-10-06,2463
SMLT.NS,2021-11-25,2026-10-06,1202
PALASHSECU.NS,2017-07-31,2026-10-06,2267
GRADIENTE.NS,2026-05-08,2026-10-06,104
GLOBE.NS,2018-07-13,2026-10-06,2027
SEMAC.NS,2016-10-07,2026-10-06,2466
MOKSH.NS,2018-01-03,2026-10-06,2158
GOYALALUM.NS,2022-11-04,2026-10-06,965
KAKATCEM.NS,2016-10-07,2026-10-06,2467
AAKASH.NS,2018-05-15,2026-10-06,2072
REGENCERAM.NS,2016-10-07,2026-10-06,2462
RELCHEMQ.NS,2022-05-25,2026-10-06,1078
RAJMET.NS,2018-10-23,2026-10-06,1962
BANKA.NS,2018-02-27,2026-10-06,2122
BLBLIMITED.NS,2016-10-07,2026-10-06,2468
HISARMETAL.NS,2017-01-05,2026-10-06,2406
CINEVISTA.NS,2016-10-07,2026-10-06,2467
RTSPOWR.NS,2026-08-18,2026-10-06,32
RSSOFTWARE.NS,2016-10-07,2026-10-06,2469
NOIDATOLL.NS,2016-10-07,2026-10-06,2468
FIBERWEB.NS,2022-02-16,2026-10-06,1142
ZENITHSTL.NS,2016-10-10,2026-10-06,2456
ENERGYDEV.NS,2016-10-07,2026-10-06,2466
BANARBEADS.NS,2016-10-07,2026-10-06,2466
NIBL.NS,2016-10-07,2026-10-06,2468
VINEETLAB.NS,2021-06-15,2026-10-06,1311
PARASPETRO.NS,2016-10-07,2026-10-06,2466
NGIL.NS,2021-08-20,2026-10-06,1265
FMNL.NS,2016-10-07,2026-10-06,2467
TOKYOPLAST.NS,2016-10-07,2026-10-06,2466
JHS.NS,2016-10-07,2026-10-06,2469
ODIGMA.NS,2024-12-12,2026-10-06,449
KHAITANLTD.NS,2016-10-07,2026-10-06,2463
NAGREEKEXP.NS,2016-10-07,2026-10-06,2467
CURAA.NS,2016-10-07,2026-10-06,2461
TFL.NS,2016-10-07,2026-10-06,2464
PRAKASHSTL.NS,2016-10-07,2026-10-06,2462
DIGIDRIVE.NS,2024-01-10,2026-10-06,676
PIONEEREMB.NS,2016-10-07,2026-10-06,2467
DUCON.NS,2016-10-07,2026-10-06,2468
TOUCHWOOD.NS,2017-12-21,2026-10-06,2169
BONLON.NS,2026-02-23,2026-10-06,151
AJOONI.NS,2018-01-02,2026-10-06,2158
ATAM.NS,2023-05-10,2026-10-06,841
ROML.NS,2016-10-07,2026-10-06,2466
ATLASCYCLE.NS,2016-10-07,2026-10-06,2463
DELTAMAGNT.NS,2016-10-07,2026-10-06,2466
AGRITECH.NS,2016-10-07,2026-10-06,2466
SUNDARAM.NS,2016-10-07,2026-10-06,2467
ADROITINFO.NS,2016-10-07,2026-10-06,2465
MOHITE.NS,2026-08-18,2026-10-06,32
HGM.NS,2016-10-07,2026-10-06,2468
SECURKLOUD.NS,2016-10-07,2026-10-06,2467
KSR.NS,2025-11-27,2026-10-06,210
ANMOL.NS,2021-06-04,2026-10-06,1320
MALUPAPER.NS,2016-10-07,2026-10-06,2468
BALKRISHNA.NS,2016-10-07,2026-10-06,2468
RAJTV.NS,2016-10-07,2026-10-06,2468
ICDSLTD.NS,2021-07-06,2026-10-06,1292
RKEC.NS,2017-10-09,2026-10-06,2220
BIOFILCHEM.NS,2017-07-27,2026-10-06,2269
SHIVAMILLS.NS,2018-02-26,2026-10-06,2123
AGROPHOS.NS,2017-03-15,2026-10-06,2362
LEMERITE.NS,2022-05-23,2026-10-06,1082
MANGALAM.NS,2016-10-07,2026-10-06,2467
ORCHASP.NS,2025-02-07,2026-10-06,408
AHLADA.NS,2018-10-12,2026-10-06,1969
TRU.NS,2022-05-10,2026-10-06,1089
VINNY.NS,2018-10-26,2026-10-06,1958
SUVIDHAA.NS,2021-03-31,2026-10-06,1362
WEWIN.NS,2018-07-06,2026-10-06,2032
SVPGLOB.NS,2021-07-14,2026-10-06,1289
BANG.NS,2016-10-07,2026-10-06,2468
LCCINFOTEC.NS,2016-10-07,2026-10-06,2465
JAIPURKURT.NS,2017-03-16,2026-10-06,2356
DHATRE.NS,2026-08-18,2026-10-06,31
ARCHIES.NS,2016-10-07,2026-10-06,2466
GAYAHWS.NS,2018-06-28,2026-10-06,2040
KARMAENG.NS,2016-10-07,2026-10-06,2466
RKDL.NS,2016-10-07,2026-10-06,2467
MASKINVEST.NS,2016-10-14,2026-10-06,2461
DHRUV.NS,2021-11-25,2026-10-06,1200
DANGEE.NS,2018-09-18,2026-10-06,1983
CELEBRITY.NS,2016-10-07,2026-10-06,2468
AMBICAAGAR.NS,2016-10-07,2026-10-06,2464
21STCENMGM.NS,2018-01-11,2026-10-06,2154
AKI.NS,2023-04-06,2026-10-06,861
ADL.NS,2020-10-01,2026-10-06,1484
LFIC.NS,2016-10-07,2026-10-06,2467
AKASH.NS,2017-03-15,2026-10-06,2359
TNTELE.NS,2016-10-07,2026-10-06,2465
SAGARDEEP.NS,2017-07-13,2026-10-06,2279
VIVOBIOT.NS,2026-08-18,2026-10-06,32
CYBERMEDIA.NS,2016-10-07,2026-10-06,2465
AROGRANITE.NS,2016-10-07,2026-10-06,2466
HBSL.NS,2016-10-07,2026-10-06,2460
MITTAL.NS,2018-04-16,2026-10-06,2091
ORIENTALTL.NS,2016-10-07,2026-10-06,2468
NKIND.NS,2016-10-07,2026-10-06,2464
LASA.NS,2017-09-21,2026-10-06,2227
MOHITIND.NS,2016-10-07,2026-10-06,2460
ASHOKAMET.NS,2023-06-27,2026-10-06,808
AKSHAR.NS,2022-05-23,2026-10-06,1081
MEDICAPQ.NS,2026-08-18,2026-10-06,32
GSS.NS,2016-10-07,2026-10-06,2469
GKB.NS,2026-08-11,2026-10-06,36
NEXTMEDIA.NS,2016-10-07,2026-10-06,2467
MADHAV.NS,2016-10-07,2026-10-06,2466
DNAMEDIA.NS,2017-12-11,2026-10-06,2176
KEEPLEARN.NS,2021-03-25,2026-10-06,1365
KANANIIND.NS,2016-10-07,2026-10-06,2466
AKG.NS,2018-10-10,2026-10-06,1970
NAGREEKCAP.NS,2016-10-07,2026-10-06,2460
TARAPUR.NS,2016-10-07,2026-10-06,2455
BURNPUR.NS,2016-10-07,2026-10-06,2469
LIBAS.NS,2017-03-15,2026-10-06,2360
SGL.NS,2016-10-07,2026-10-06,2466
TGBHOTELS.NS,2016-10-07,2026-10-06,2467
GANGAFORGE.NS,2018-07-25,2026-10-06,2020
KSHITIJPOL.NS,2018-10-23,2026-10-06,1961
INFOMEDIA.NS,2016-10-07,2026-10-06,2465
TREEHOUSE.NS,2016-10-07,2026-10-06,2467
LEXUS.NS,2017-08-23,2026-10-06,2250
WILLAMAGOR.NS,2016-10-07,2026-10-06,2466
KHANDSE.NS,2016-10-07,2026-10-06,2465
PEARLPOLY.NS,2016-10-07,2026-10-06,2468
PNC.NS,2016-10-07,2026-10-06,2466
LAXMICOT.NS,2017-07-25,2026-10-06,2270
HAVISHA.NS,2018-04-13,2026-10-06,2092
MFML.NS,2024-08-27,2026-10-06,522
TECILCHEM.NS,2023-04-20,2026-10-06,847
ACEINTEG.NS,2017-07-13,2026-10-06,2277
NIRAJISPAT.NS,2024-03-11,2026-10-06,627
TIJARIA.NS,2016-10-07,2026-10-06,2468
RADAAN.NS,2016-10-07,2026-10-06,2458
SILLYMONKS.NS,2018-01-18,2026-10-07,2145
SHYAMTEL.NS,2016-10-07,2026-10-06,2457
GLFL.NS,2016-10-07,2026-10-06,2458
HEADSUP.NS,2016-12-14,2026-10-06,2422
VIVIDHA.NS,2016-10-07,2026-10-06,2467
RETAIL.NS,2024-06-26,2026-10-06,565
UMESLTD.NS,2016-10-07,2026-10-06,2455
BOHRAIND.NS,2017-07-24,2026-10-06,2271
AVROIND.NS,2018-08-09,2026-10-06,2009
CREATIVEYE.NS,2016-10-07,2026-10-06,2446
GLOBALE.NS,2024-08-27,2026-10-06,524
ORTINGLOBE.NS,2016-10-07,2026-10-06,2465
ARENTERP.NS,2017-11-07,2026-10-06,2199
DCMFINSERV.NS,2016-10-07,2026-10-06,2462
BLUECHIP.NS,2016-10-07,2026-10-06,2457
UNIINFO.NS,2018-03-15,2026-10-06,2111
ANTGRAPHIC.NS,2016-10-07,2026-10-06,2466
SHANTI.NS,2017-08-03,2026-10-06,2261
3BBLACKBIO.NS,2026-04-20,2026-10-06,114
3PLAND.NS,2016-10-07,2026-10-06,2465
AASTHA.NS,2026-07-06,2026-10-06,63
ABMKNO.NS,2026-04-20,2026-10-06,115
ACGL.NS,2026-08-18,2026-10-06,32
ADDIND.NS,2026-08-18,2026-10-06,32
ADVIKCA.NS,2026-08-18,2026-10-06,32
ALFREDHE.NS,2026-08-18,2026-10-06,30
ALUFLUOR.NS,2026-08-18,2026-10-06,32
AMAL.NS,2026-08-18,2026-10-06,32
AMARJOTHI.NS,2026-08-11,2026-10-06,35
ANDREWYU.NS,2026-08-11,2026-10-06,36
ANSALBU.NS,2026-08-18,2026-10-06,32
APOORVA.NS,2026-08-20,2026-10-06,28
ARCL.NS,2026-08-18,2026-10-06,31
ARDEE.NS,2026-08-12,2026-10-06,36
ARTEMISMED.NS,2020-01-24,2026-10-07,1637
ASIANTNE.NS,2026-08-18,2026-10-06,32
ASSAMENT.NS,2026-08-18,2026-10-06,29
ASTAR.NS,2026-04-20,2026-10-06,103
AURUS.NS,2016-10-07,2026-10-06,2467
AUSTENG.NS,2026-08-18,2026-10-06,32
AXTEL.NS,2026-08-18,2026-10-06,32
BAJAJST.NS,2026-04-21,2026-10-06,113
BEEKAY.NS,2026-04-20,2026-10-06,114
BENARAS.NS,2026-08-18,2026-10-06,32
BENGALASM.NS,2026-04-20,2026-10-06,115
BHARATCOAL.NS,2026-01-19,2026-10-06,177
BLEL.NS,2026-08-19,2026-10-06,31
BLUECLOUDS.NS,2026-08-18,2026-10-06,31
BNAGROCHEM.NS,2026-08-18,2026-10-06,30
BPLPHARMA.NS,2026-08-18,2026-10-06,32
BRAHMINFRA.NS,2026-08-18,2026-10-06,32
CFEL.NS,2026-08-19,2026-10-06,31
CGVAK.NS,2026-08-18,2026-10-06,32
CHALET.NS,2019-02-07,2026-10-06,1891
CMPDI.NS,2026-03-30,2026-10-06,130
CMRGREEN.NS,2026-06-10,2026-10-06,81
COCKERILL.NS,2026-04-22,2026-10-06,115
CORONA.NS,2025-12-15,2026-10-06,199
CPL.NS,2026-07-23,2026-10-06,50
CRAVATEX.NS,2026-08-18,2026-10-06,31
DAICHI.NS,2026-08-18,2026-10-06,32
DEEP.NS,2026-08-18,2026-10-06,32
DISAQ.NS,2026-04-21,2026-10-07,116
DRAGARWQ.NS,2026-04-20,2026-10-06,114
EASTWEST.NS,2026-08-18,2026-10-06,31
EBIX.NS,2026-08-18,2026-10-06,32
ECORECO.NS,2026-08-18,2026-10-06,32
EKI.NS,2026-08-18,2026-10-06,31
ELCIDIN.NS,2026-04-20,2026-10-07,118
ELITECON.NS,2026-04-20,2026-10-06,115
EMBDL.NS,2016-10-07,2026-10-06,2468
EMPIND.NS,2026-08-18,2026-10-06,32
ENKEIWHEL.NS,2026-08-18,2026-10-06,32
FERMENTA.NS,2026-04-20,2026-10-06,115
FREDUN.NS,2026-08-18,2026-10-06,32
FRONTSP.NS,2026-04-20,2026-10-06,114
GAJA.NS,2026-08-26,2026-10-06,26
GNRL.NS,2026-04-20,2026-10-06,114
GRANDOAK.NS,2026-04-20,2026-10-06,114
GRAVISSHO.NS,2026-04-20,2026-10-06,114
GUJRAFFIA.NS,2017-12-06,2026-10-07,1935
HAMPTON.NS,2026-08-18,2026-10-06,31
HBESD.NS,2026-04-20,2026-10-06,115
HBPOR.NS,2026-08-18,2026-10-06,32
HESTERBIO.NS,2016-10-07,2026-10-06,2467
HINDADH.NS,2026-08-18,2026-10-06,32
HINDALUMI.NS,2026-08-18,2026-10-06,32
HRYNSHP.NS,2026-08-18,2026-10-06,32
INDOKEM.NS,2026-08-18,2026-10-06,31
INDPRUD.NS,2026-04-20,2026-10-06,109
INFOBEAN.NS,2017-07-24,2026-10-06,2274
IONEXCHANG.NS,2022-02-22,2026-10-06,1140
ISTLTD.NS,2026-08-18,2026-10-06,31
ITL.NS,2026-08-18,2026-10-06,31
JENBURPH.NS,2026-08-18,2026-10-06,32
KAMAHOLD.NS,2026-04-20,2026-10-06,115
KAMANWALA.NS,2026-08-18,2026-10-06,32
KANCHI.NS,2026-08-18,2026-10-06,32
KANCOTEA.NS,2026-08-18,2026-10-06,33
KIRANVYPAR.NS,2026-04-20,2026-10-06,114
KJMCFIN.NS,2026-08-18,2026-10-06,31
KLBRENG-B.NS,2026-04-20,2026-10-06,115
KOTIC.NS,2026-04-20,2026-10-06,114
KPL.NS,2026-04-20,2026-10-06,114
KUSUMGAR.NS,2026-07-15,2026-10-06,55
LADDERUP.NS,2026-08-18,2026-10-06,32
LAHOTIOV.NS,2026-04-20,2026-10-06,112
LAKSHMIMIL.NS,2026-08-21,2026-10-06,26
LEENEE.NS,2026-08-18,2026-10-06,31
LKPSEC.NS,2026-08-18,2026-10-06,32
LOTUSCHO.NS,2026-08-18,2026-10-06,32
MADHAVIPL.NS,2026-04-20,2026-10-06,115
MCCHRLS-B.NS,2026-04-21,2026-10-06,114
MENNPIS.NS,2026-04-20,2026-10-06,115
MERCANTILE.NS,2026-04-20,2026-10-06,114
MIIL.NS,2026-08-18,2026-10-06,31
MILKYMIST.NS,2026-08-18,2026-10-06,32
MLKFOOD.NS,2026-08-18,2026-10-06,31
MSL.NS,2026-08-18,2026-10-06,31
NEAGI.NS,2026-04-22,2026-10-06,86
NILE.NS,2026-04-20,2026-10-06,115
NTCIND.NS,2026-08-18,2026-10-06,32
ODYCORP.NS,2026-08-18,2026-10-06,32
OMPOWER.NS,2026-04-17,2026-10-06,119
ONEGLOBAL.NS,2026-08-18,2026-10-06,32
OPTIFIN.NS,2026-08-18,2026-10-06,32
PACIFICI.NS,2026-08-18,2026-10-06,31
PANCHMAHQ.NS,2026-08-18,2026-10-06,27
PANORAMA.NS,2026-08-18,2026-10-06,32
PARNAXLAB.NS,2026-08-18,2026-10-06,31
PBMPOLY.NS,2026-08-18,2026-10-06,29
PERMAGN.NS,2026-08-18,2026-10-06,32
PHOENXINTL.NS,2026-08-18,2026-10-06,32
POLYSPIN.NS,2026-08-18,2026-10-06,31
PRAVEG.NS,2026-04-20,2026-10-06,115
PREMCO.NS,2026-04-20,2026-10-06,114
PRICOLLTD.NS,2016-10-07,2026-10-06,2468
PRISMX.NS,2026-08-18,2026-10-06,32
QUINT.NS,2026-04-21,2026-10-06,113
RAMBHAJO.NS,2026-07-01,2026-10-06,66
RIR.NS,2026-07-16,2026-10-06,54
RRECL.NS,2026-08-18,2026-10-06,32
RRIL.NS,2026-04-20,2026-10-06,114
SAB.NS,2026-08-20,2026-10-06,29
SAICAPI.NS,2026-08-18,2026-10-06,32
SAMBANDAM.NS,2026-08-24,2026-10-06,25
SAPPL.NS,2026-04-22,2026-10-06,113
SAYAJIIND.NS,2026-08-18,2026-10-06,32
SEKURITIND.NS,2026-08-18,2026-10-06,32
SGLRES.NS,2026-08-18,2026-10-06,32
SHERVANI.NS,2026-08-19,2026-10-06,30
SHILGRAVQ.NS,2026-08-18,2026-10-06,32
SHINDL.NS,2026-04-20,2026-10-06,115
SHIVAAGRO.NS,2026-08-18,2026-10-06,31
SHIVACEM.NS,2026-08-18,2026-10-06,31
SHRADDHA.NS,2026-08-18,2026-10-06,32
SHRIKRISH.NS,2026-04-20,2026-10-06,110
SIEL.NS,2026-08-18,2026-10-06,30
SIKA.NS,2026-04-20,2026-10-06,114
SIMPLXREA.NS,2026-08-19,2026-10-06,28
SINGERIND.NS,2026-03-19,2026-10-07,136
SKMEGGPROD.NS,2016-10-07,2026-10-06,2470
SONAL.NS,2026-04-22,2026-10-06,87
SRIKPRIND.NS,2026-08-18,2026-10-06,32
STLSTRINF.NS,2026-08-18,2026-10-06,32
SUMEDHA.NS,2026-08-18,2026-10-06,31
SUNLOC.NS,2026-08-18,2026-10-06,32
SUNRAKSHAK.NS,2026-08-18,2026-10-06,31
SUNSHIEL.NS,2026-08-18,2026-10-06,31
SURYALA.NS,2026-04-20,2026-10-06,114
SVGLOBAL.NS,2026-08-18,2026-10-06,32
SWARNSAR.NS,2026-08-18,2026-10-06,32
SWISSMLTRY.NS,2026-08-18,2026-10-06,32
TAALTECH.NS,2026-04-20,2026-10-06,114
TANAA.NS,2026-08-18,2026-10-06,32
TCC.NS,2026-02-25,2026-10-07,151
TECHNVISN.NS,2026-04-22,2026-10-06,113
TEMPSENS.NS,2026-08-28,2026-10-06,24
TERAI.NS,2026-08-18,2026-10-06,31
TGVSL.NS,2026-08-18,2026-10-06,32
THAKDEV.NS,2026-04-22,2026-10-06,97
TIMEX.NS,2026-04-23,2026-10-06,114
TOYAMSL.NS,2026-08-18,2026-10-06,32
TRANSCOR.NS,2026-08-18,2026-10-06,32
TRITONV.NS,2026-08-18,2026-10-06,31
TURTLEMINT.NS,2026-06-29,2026-10-06,68
TUTIALKA.NS,2026-08-18,2026-10-06,32
UDAYJEW.NS,2026-08-18,2026-10-06,32
UPHOT.NS,2026-08-18,2026-10-06,28
VASUPRADA.NS,2026-08-18,2026-10-06,30
VEDAVAAG.NS,2026-08-18,2026-10-06,31
VIJSOLX.NS,2026-08-18,2026-10-06,31
VIRTUALG.NS,2026-08-19,2026-10-06,31
VOITHPAPR.NS,2026-08-18,2026-10-06,31
WARDINMOBI.NS,2026-08-18,2026-10-06,32
WELSPLSOL.NS,2026-04-21,2026-10-06,114
WHBRADY.NS,2026-08-18,2026-10-06,33
WPIL.NS,2026-04-20,2026-10-06,114
YOGI.NS,2026-08-18,2026-10-06,32
ZODIAC.NS,2017-12-05,2026-10-07,1752
ZSARACOM.NS,2026-04-20,2026-10-06,114
