Symbol,First Date,Last Date,Trading Sessions
RELIANCE.NS,2016-07-21,2026-07-20,2471
HDFCBANK.NS,2016-07-21,2026-07-21,2472
BHARTIARTL.NS,2016-07-21,2026-07-21,2472
ICICIBANK.NS,2016-07-21,2026-07-21,2472
SBIN.NS,2016-07-21,2026-07-21,2472
TCS.NS,2016-07-21,2026-07-21,2472
BAJFINANCE.NS,2016-07-21,2026-07-21,2472
LICI.NS,2022-05-17,2026-07-21,1036
LT.NS,2016-07-21,2026-07-21,2472
HINDUNILVR.NS,2016-07-21,2026-07-21,2472
SUNPHARMA.NS,2016-07-21,2026-07-21,2472
ADANIENT.NS,2016-07-21,2026-07-21,2472
INFY.NS,2016-07-21,2026-07-21,2472
MARUTI.NS,2016-07-21,2026-07-21,2472
ADANIPORTS.NS,2016-07-21,2026-07-21,2472
ADANIPOWER.NS,2016-07-21,2026-07-21,2472
AXISBANK.NS,2016-07-21,2026-07-21,2472
TITAN.NS,2016-07-21,2026-07-21,2472
KOTAKBANK.NS,2016-07-21,2026-07-21,2472
M&M.NS,2016-07-21,2026-07-21,2472
ITC.NS,2016-07-21,2026-07-21,2472
ULTRACEMCO.NS,2016-07-21,2026-07-21,2472
NTPC.NS,2016-07-21,2026-07-21,2472
HCLTECH.NS,2016-07-21,2026-07-21,2472
ONGC.NS,2016-07-21,2026-07-21,2472
JSWSTEEL.NS,2016-07-21,2026-07-21,2472
HAL.NS,2018-04-02,2026-07-21,2054
BEL.NS,2016-07-21,2026-07-21,2472
BAJAJFINSV.NS,2016-07-21,2026-07-21,2472
BAJAJ-AUTO.NS,2016-07-21,2026-07-21,2472
NESTLEIND.NS,2016-07-21,2026-07-21,2472
ETERNAL.NS,2021-07-23,2026-07-21,1237
POWERGRID.NS,2016-07-21,2026-07-21,2472
COALINDIA.NS,2016-07-21,2026-07-21,2472
ASIANPAINT.NS,2016-07-21,2026-07-21,2472
DMART.NS,2017-03-21,2026-07-21,2309
ADANIGREEN.NS,2018-06-18,2026-07-21,2000
SHRIRAMFIN.NS,2016-07-21,2026-07-21,2472
TATASTEEL.NS,2016-07-21,2026-07-21,2472
HINDZINC.NS,2016-07-21,2026-07-21,2472
GRASIM.NS,2016-07-21,2026-07-21,2472
HINDALCO.NS,2016-07-21,2026-07-21,2472
EICHERMOT.NS,2016-07-21,2026-07-21,2472
ADANIENSOL.NS,2016-07-21,2026-07-21,2472
INDIGO.NS,2016-07-21,2026-07-21,2471
IOC.NS,2016-07-21,2026-07-21,2472
DIVISLAB.NS,2016-07-21,2026-07-21,2471
SBILIFE.NS,2017-10-03,2026-07-21,2176
WIPRO.NS,2016-07-21,2026-07-21,2472
VAML.NS,2026-06-15,2026-07-21,27
TVSMOTOR.NS,2016-07-21,2026-07-21,2472
SOLARINDS.NS,2016-07-21,2026-07-21,2471
DLF.NS,2016-07-21,2026-07-21,2472
HYUNDAI.NS,2024-10-22,2026-07-21,435
TORNTPHARM.NS,2016-07-21,2026-07-21,2472
JIOFIN.NS,2023-08-21,2026-07-21,722
PIDILITIND.NS,2016-07-21,2026-07-21,2472
ABB.NS,2016-07-21,2026-07-21,2472
ICICIAMC.NS,2025-12-19,2026-07-21,146
VBL.NS,2016-11-08,2026-07-21,2400
CHOLAFIN.NS,2016-07-21,2026-07-21,2472
TMCV.NS,2025-11-12,2026-07-21,173
MOTHERSON.NS,2016-07-21,2026-07-21,2472
TRENT.NS,2016-07-21,2026-07-21,2472
CUMMINSIND.NS,2016-07-21,2026-07-21,2472
TATACAP.NS,2025-10-13,2026-07-21,193
IDEA.NS,2016-07-21,2026-07-21,2472
BHEL.NS,2016-07-21,2026-07-21,2472
BSE.NS,2017-02-03,2026-07-21,2339
POWERINDIA.NS,2020-03-30,2026-07-21,1564
CGPOWER.NS,2016-07-21,2026-07-21,2472
TECHM.NS,2016-07-21,2026-07-21,2472
BPCL.NS,2016-07-21,2026-07-21,2472
PFC.NS,2016-07-21,2026-07-21,2472
POLYCAB.NS,2019-04-16,2026-07-21,1797
BRITANNIA.NS,2016-07-21,2026-07-21,2472
SIEMENS.NS,2016-07-21,2026-07-21,2471
GROWW.NS,2025-11-12,2026-07-21,173
UNIONBANK.NS,2016-07-21,2026-07-21,2472
BANKBARODA.NS,2016-07-21,2026-07-21,2472
APOLLOHOSP.NS,2016-07-21,2026-07-21,2472
TMPV.NS,2016-07-21,2026-07-21,2472
HDFCLIFE.NS,2017-11-17,2026-07-21,2144
PNB.NS,2016-07-21,2026-07-21,2472
LTM.NS,2016-07-21,2026-07-21,2472
ENRIN.NS,2025-06-19,2026-07-21,272
TATAPOWER.NS,2016-07-21,2026-07-21,2472
BOSCHLTD.NS,2016-07-21,2026-07-21,2471
MUTHOOTFIN.NS,2016-07-21,2026-07-21,2472
LODHA.NS,2021-04-19,2026-07-21,1303
GMRAIRPORT.NS,2016-07-21,2026-07-21,2472
BAJAJHLDNG.NS,2016-07-21,2026-07-21,2472
IRFC.NS,2021-01-29,2026-07-21,1355
CIPLA.NS,2016-07-21,2026-07-21,2472
ZYDUSLIFE.NS,2016-07-21,2026-07-21,2472
HDFCAMC.NS,2018-08-06,2026-07-21,1965
CANBK.NS,2016-07-21,2026-07-21,2472
GAIL.NS,2016-07-21,2026-07-21,2472
GVT&D.NS,2016-07-21,2026-07-21,2472
INDIANB.NS,2016-07-21,2026-07-21,2472
LUPIN.NS,2016-07-21,2026-07-21,2472
ABCAPITAL.NS,2017-09-01,2026-07-21,2197
GODREJCP.NS,2016-07-21,2026-07-21,2472
MARICO.NS,2016-07-21,2026-07-21,2472
AMBUJACEM.NS,2016-07-21,2026-07-21,2472
TATACONSUM.NS,2016-07-21,2026-07-21,2472
LGEINDIA.NS,2025-10-14,2026-07-21,192
INDUSTOWER.NS,2016-07-21,2026-07-21,2472
MAXHEALTH.NS,2020-08-21,2026-07-21,1466
LLOYDSME.NS,2023-07-17,2026-07-21,746
BHARATFORG.NS,2016-07-21,2026-07-21,2471
JINDALSTEL.NS,2016-07-21,2026-07-21,2472
INDHOTEL.NS,2016-07-21,2026-07-21,2472
MANKIND.NS,2023-05-09,2026-07-21,793
OFSS.NS,2016-07-21,2026-07-21,2472
DRREDDY.NS,2016-07-21,2026-07-21,2472
JSWENERGY.NS,2016-07-21,2026-07-21,2472
VEDL.NS,2016-07-21,2026-07-21,2472
HEROMOTOCO.NS,2016-07-21,2026-07-21,2472
UNITDSPR.NS,2016-07-21,2026-07-21,2472
SHREECEM.NS,2016-07-21,2026-07-21,2472
MAZDOCK.NS,2020-10-12,2026-07-21,1431
IDBI.NS,2016-07-21,2026-07-21,2472
RECLTD.NS,2016-07-21,2026-07-21,2472
LENSKART.NS,2025-11-10,2026-07-21,175
NYKAA.NS,2021-11-10,2026-07-21,1163
ASHOKLEY.NS,2016-07-21,2026-07-21,2472
AUROPHARMA.NS,2016-07-21,2026-07-21,2471
DIXON.NS,2017-09-18,2026-07-21,2186
MEESHO.NS,2025-12-10,2026-07-21,153
PAYTM.NS,2021-11-18,2026-07-21,1157
FEDERALBNK.NS,2016-07-21,2026-07-21,2472
SRF.NS,2016-07-21,2026-07-21,2472
HINDPETRO.NS,2016-07-21,2026-07-21,2472
LAURUSLABS.NS,2016-12-19,2026-07-21,2372
WAAREEENER.NS,2024-10-28,2026-07-21,431
PERSISTENT.NS,2016-07-21,2026-07-21,2472
ICICIGI.NS,2017-09-27,2026-07-21,2179
BHARTIHEXA.NS,2024-04-12,2026-07-21,565
INDUSINDBK.NS,2016-07-21,2026-07-21,2472
NHPC.NS,2016-07-21,2026-07-21,2472
JSWINFRA.NS,2023-10-03,2026-07-21,693
ATGL.NS,2018-11-05,2026-07-21,1906
LTF.NS,2016-07-21,2026-07-21,2472
NTPCGREEN.NS,2024-11-27,2026-07-21,411
AUBANK.NS,2017-07-11,2026-07-21,2233
NAUKRI.NS,2016-07-21,2026-07-21,2472
NAM-INDIA.NS,2017-11-06,2026-07-21,2153
DABUR.NS,2016-07-21,2026-07-21,2472
HAVELLS.NS,2016-07-21,2026-07-21,2472
PHOENIXLTD.NS,2016-07-21,2026-07-21,2470
YESBANK.NS,2016-07-21,2026-07-21,2472
NMDC.NS,2016-07-21,2026-07-21,2472
PRESTIGE.NS,2016-07-21,2026-07-21,2472
POLICYBZR.NS,2021-11-15,2026-07-21,1159
SWIGGY.NS,2024-11-13,2026-07-21,419
ICICIPRULI.NS,2016-09-29,2026-07-21,2425
BAJAJHFL.NS,2024-09-16,2026-07-21,460
FORTIS.NS,2016-07-21,2026-07-21,2472
SUZLON.NS,2016-07-21,2026-07-21,2472
ASTERDM.NS,2018-02-26,2026-07-21,2076
BIOCON.NS,2016-07-21,2026-07-21,2472
OIL.NS,2016-07-21,2026-07-21,2472
TORNTPOWER.NS,2016-07-21,2026-07-21,2472
MCX.NS,2016-07-21,2026-07-21,2472
IDFCFIRSTB.NS,2016-07-21,2026-07-21,2472
OBEROIRLTY.NS,2016-07-21,2026-07-21,2471
SAIL.NS,2016-07-21,2026-07-21,2472
COFORGE.NS,2016-07-21,2026-07-21,2472
UNOMINDA.NS,2016-07-21,2026-07-21,2472
ALKEM.NS,2016-07-21,2026-07-21,2471
IOB.NS,2016-07-21,2026-07-21,2472
BANKINDIA.NS,2016-07-21,2026-07-21,2472
SCHAEFFLER.NS,2016-07-21,2026-07-21,2472
GICRE.NS,2017-10-25,2026-07-21,2161
GODREJPROP.NS,2016-07-21,2026-07-21,2472
GLENMARK.NS,2016-07-21,2026-07-21,2472
NATIONALUM.NS,2016-07-21,2026-07-21,2472
SBICARD.NS,2020-03-16,2026-07-21,1574
MAHABANK.NS,2016-07-21,2026-07-21,2472
JSL.NS,2016-07-21,2026-07-21,2472
HDBFS.NS,2025-07-02,2026-07-21,263
LINDEINDIA.NS,2016-07-21,2026-07-21,2471
COROMANDEL.NS,2016-07-21,2026-07-21,2472
ABBOTINDIA.NS,2016-07-21,2026-07-21,2472
KALYANKJIL.NS,2021-03-26,2026-07-21,1316
MOTILALOFS.NS,2016-07-21,2026-07-21,2472
BERGEPAINT.NS,2016-07-21,2026-07-21,2472
RBLBANK.NS,2016-08-31,2026-07-21,2444
TIINDIA.NS,2017-11-02,2026-07-21,2155
APARINDS.NS,2016-07-21,2026-07-21,2472
COLPAL.NS,2016-07-21,2026-07-21,2472
MRF.NS,2016-07-21,2026-07-21,2471
RADICO.NS,2016-07-21,2026-07-21,2471
FACT.NS,2016-07-21,2026-07-21,2472
MFSL.NS,2016-07-21,2026-07-21,2472
THERMAX.NS,2016-07-21,2026-07-21,2471
UPL.NS,2016-07-21,2026-07-21,2472
TATACOMM.NS,2016-07-21,2026-07-21,2472
VMM.NS,2024-12-18,2026-07-21,396
APLAPOLLO.NS,2016-07-21,2026-07-21,2472
ATHERENERG.NS,2025-05-06,2026-07-21,304
PREMIERENE.NS,2024-09-03,2026-07-21,469
SUNDARMFIN.NS,2016-07-21,2026-07-21,2472
AIIL.NS,2024-04-23,2026-07-21,559
PIRAMALFIN.NS,2025-11-07,2026-07-21,176
IPCALAB.NS,2016-07-21,2026-07-21,2471
AEGISLOG.NS,2016-07-21,2026-07-21,2470
HINDCOPPER.NS,2016-07-21,2026-07-21,2472
RVNL.NS,2019-04-11,2026-07-21,1800
KEI.NS,2016-07-21,2026-07-21,2472
BDL.NS,2018-03-23,2026-07-21,2058
MPHASIS.NS,2016-07-21,2026-07-21,2472
FLUOROCHEM.NS,2019-10-16,2026-07-21,1677
360ONE.NS,2019-09-19,2026-07-21,1693
M&MFIN.NS,2016-07-21,2026-07-21,2472
GODREJIND.NS,2016-07-21,2026-07-21,2472
PAGEIND.NS,2016-07-21,2026-07-21,2470
VOLTAS.NS,2016-07-21,2026-07-21,2472
SONACOMS.NS,2021-06-24,2026-07-21,1257
ANTHEM.NS,2025-07-21,2026-07-21,250
SUPREMEIND.NS,2016-07-21,2026-07-21,2472
AIAENG.NS,2016-07-21,2026-07-21,2470
AJANTPHARM.NS,2016-07-21,2026-07-21,2471
CPPLUS.NS,2025-08-05,2026-07-21,239
POONAWALLA.NS,2016-07-21,2026-07-21,2472
WELCORP.NS,2016-07-21,2026-07-21,2472
JKCEMENT.NS,2016-07-21,2026-07-21,2472
GLAXO.NS,2016-07-21,2026-07-21,2472
NH.NS,2016-07-21,2026-07-21,2472
PETRONET.NS,2016-07-21,2026-07-21,2472
NLCINDIA.NS,2016-07-21,2026-07-21,2472
HUDCO.NS,2017-05-19,2026-07-21,2269
IRCTC.NS,2019-10-14,2026-07-21,1679
GLAND.NS,2020-11-20,2026-07-21,1401
BALKRISIND.NS,2016-07-21,2026-07-21,2471
PIIND.NS,2016-07-21,2026-07-21,2472
3MINDIA.NS,2016-07-21,2026-07-21,2470
KPRMILL.NS,2016-07-21,2026-07-21,2472
PWL.NS,2025-11-18,2026-07-21,169
NAVINFLUOR.NS,2016-07-21,2026-07-21,2471
ENDURANCE.NS,2016-10-19,2026-07-21,2413
HSCL.NS,2016-07-21,2026-07-21,2472
CONCOR.NS,2016-07-21,2026-07-21,2472
ASTRAL.NS,2016-07-21,2026-07-21,2472
EXIDEIND.NS,2016-07-21,2026-07-21,2472
COCHINSHIP.NS,2017-08-11,2026-07-21,2210
DELHIVERY.NS,2022-05-24,2026-07-21,1031
PATANJALI.NS,2016-07-21,2026-07-21,2472
LTTS.NS,2016-09-23,2026-07-21,2429
ITCHOTELS.NS,2025-01-29,2026-07-21,366
UBL.NS,2016-07-21,2026-07-21,2472
MEDANTA.NS,2022-11-18,2026-07-21,908
HEXT.NS,2025-02-19,2026-07-21,350
BLUESTARCO.NS,2016-07-21,2026-07-21,2472
HONAUT.NS,2016-07-21,2026-07-21,2470
ANANDRATHI.NS,2021-12-14,2026-07-21,1140
BANDHANBNK.NS,2018-03-27,2026-07-21,2056
STARHEALTH.NS,2021-12-10,2026-07-21,1142
DALBHARAT.NS,2018-12-21,2026-07-21,1873
IREDA.NS,2023-11-29,2026-07-21,655
NUVAMA.NS,2023-09-26,2026-07-21,697
EMCURE.NS,2024-07-10,2026-07-21,505
TATAINVEST.NS,2016-07-21,2026-07-21,2472
ABSLAMC.NS,2021-10-11,2026-07-21,1183
GODFRYPHLP.NS,2016-07-21,2026-07-21,2472
KIRLOSENG.NS,2016-07-21,2026-07-21,2471
UCOBANK.NS,2016-07-21,2026-07-21,2472
HFCL.NS,2016-07-21,2026-07-21,2472
ESCORTS.NS,2016-07-21,2026-07-21,2472
KIMS.NS,2021-06-28,2026-07-21,1255
IKS.NS,2024-12-19,2026-07-21,394
CRISIL.NS,2016-07-21,2026-07-21,2472
WOCKPHARMA.NS,2016-07-21,2026-07-21,2472
TATATECH.NS,2023-11-30,2026-07-21,654
MRPL.NS,2016-07-21,2026-07-21,2472
MANAPPURAM.NS,2016-07-21,2026-07-21,2472
SCHNEIDER.NS,2016-07-21,2026-07-21,2472
LICHSGFIN.NS,2016-07-21,2026-07-21,2472
AEGISVOPAK.NS,2025-06-02,2026-07-21,285
ANGELONE.NS,2020-10-05,2026-07-21,1436
KARURVYSYA.NS,2016-07-21,2026-07-21,2472
CDSL.NS,2017-06-30,2026-07-21,2240
ACUTAAS.NS,2021-09-14,2026-07-21,1202
GRSE.NS,2018-10-24,2026-07-21,1914
CHOLAHLDNG.NS,2016-07-21,2026-07-21,2472
METROBRAND.NS,2021-12-22,2026-07-21,1132
CUPID.NS,2016-09-16,2026-07-21,2434
NIACL.NS,2017-11-13,2026-07-21,2148
PNBHOUSING.NS,2016-11-07,2026-07-21,2401
CENTRALBK.NS,2016-07-21,2026-07-21,2472
SHYAMMETL.NS,2021-06-24,2026-07-21,1257
PGHH.NS,2016-07-21,2026-07-21,2471
TVSHLTD.NS,2016-07-21,2026-07-21,2470
LALPATHLAB.NS,2016-07-21,2026-07-21,2472
CEMPRO.NS,2016-07-21,2026-07-21,2472
AMBER.NS,2018-01-30,2026-07-21,2094
JUBLFOOD.NS,2016-07-21,2026-07-21,2472
ZFCVINDIA.NS,2016-07-21,2026-07-21,2472
ITI.NS,2016-07-21,2026-07-21,2472
APOLLOTYRE.NS,2016-07-21,2026-07-21,2472
ACMESOLAR.NS,2024-11-13,2026-07-21,419
SJVN.NS,2016-07-21,2026-07-21,2472
SAILIFE.NS,2024-12-18,2026-07-21,396
PTCIL.NS,2023-06-09,2026-07-21,770
SUMICHEM.NS,2020-01-27,2026-07-21,1607
MSUMI.NS,2022-03-28,2026-07-21,1069
GUJENERGY.NS,2016-07-21,2026-07-21,2471
NBCC.NS,2016-07-21,2026-07-21,2472
SYRMA.NS,2022-08-26,2026-07-21,965
GODIGIT.NS,2024-05-23,2026-07-21,538
RRKABEL.NS,2023-09-20,2026-07-21,699
ACC.NS,2016-07-21,2026-07-21,2472
GILLETTE.NS,2016-07-21,2026-07-21,2472
CGCL.NS,2016-07-21,2026-07-21,2472
AWL.NS,2022-02-08,2026-07-21,1101
IRB.NS,2016-07-21,2026-07-21,2472
NETWEB.NS,2023-07-27,2026-07-21,738
FORCEMOT.NS,2019-08-19,2026-07-21,1674
EMMVEE.NS,2025-11-18,2026-07-21,169
CRAFTSMAN.NS,2021-03-25,2026-07-21,1315
PPLPHARMA.NS,2022-10-19,2026-07-21,929
RUBICON.NS,2025-10-16,2026-07-21,188
GABRIEL.NS,2016-07-21,2026-07-21,2472
CREDITACC.NS,2018-08-23,2026-07-21,1954
NEULANDLAB.NS,2016-07-21,2026-07-21,2472
TIMKEN.NS,2016-07-21,2026-07-21,2471
IIFL.NS,2016-07-21,2026-07-21,2472
DEEPAKNTR.NS,2016-07-21,2026-07-21,2471
GRINDWELL.NS,2016-07-21,2026-07-21,2471
DATAPATTNS.NS,2021-12-24,2026-07-21,1132
KAYNES.NS,2022-11-22,2026-07-21,907
AADHARHFC.NS,2024-05-15,2026-07-21,544
KIOCL.NS,2016-11-30,2026-07-21,2385
PFOCUS.NS,2016-07-21,2026-07-21,2471
ASAHIINDIA.NS,2016-07-21,2026-07-21,2472
KPIL.NS,2016-07-21,2026-07-21,2471
CUB.NS,2016-07-21,2026-07-21,2472
CESC.NS,2016-07-21,2026-07-21,2472
GRANULES.NS,2016-07-21,2026-07-21,2471
TATAELXSI.NS,2016-07-21,2026-07-21,2472
RAMCOCEM.NS,2016-07-21,2026-07-21,2471
AFFLE.NS,2019-08-08,2026-07-21,1720
REDINGTON.NS,2016-07-21,2026-07-21,2472
IGL.NS,2016-07-21,2026-07-21,2472
ANANTRAJ.NS,2016-07-21,2026-07-21,2472
EIHOTEL.NS,2016-07-21,2026-07-21,2472
PFIZER.NS,2016-07-21,2026-07-21,2471
HATSUN.NS,2016-07-21,2026-07-21,2471
HBLENGINE.NS,2016-07-21,2026-07-21,2472
SUNDRMFAST.NS,2016-07-21,2026-07-21,2471
BELRISE.NS,2025-05-28,2026-07-21,288
CARBORUNIV.NS,2016-07-21,2026-07-21,2471
ERIS.NS,2017-06-30,2026-07-21,2238
DEEPAKFERT.NS,2016-07-21,2026-07-21,2472
J&KBANK.NS,2016-07-21,2026-07-21,2472
SANSERA.NS,2021-09-24,2026-07-21,1194
ASTRAZEN.NS,2016-07-21,2026-07-21,2471
THANGAMAYL.NS,2016-07-21,2026-07-21,2472
CAPLIPOINT.NS,2016-07-21,2026-07-21,2471
KAJARIACER.NS,2016-07-21,2026-07-21,2472
SUNTV.NS,2016-07-21,2026-07-21,2472
AETHER.NS,2022-06-03,2026-07-21,1023
TRITURBINE.NS,2016-07-21,2026-07-21,2472
SAGILITY.NS,2024-11-12,2026-07-21,420
IFCI.NS,2016-07-21,2026-07-21,2472
GESHIP.NS,2016-07-21,2026-07-21,2472
INDIACEM.NS,2016-07-21,2026-07-21,2472
URBANCO.NS,2025-09-17,2026-07-21,210
BAYERCROP.NS,2016-07-21,2026-07-21,2472
ONESOURCE.NS,2025-01-24,2026-07-21,370
CHALET.NS,2019-02-07,2026-07-21,1841
SAMMAANCAP.NS,2016-07-21,2026-07-21,2472
JSWCEMENT.NS,2025-08-14,2026-07-21,232
ZYDUSWELL.NS,2016-07-21,2026-07-21,2472
CAMS.NS,2020-10-05,2026-07-21,1436
GMDCLTD.NS,2016-07-21,2026-07-21,2472
BRIGADE.NS,2016-07-21,2026-07-21,2472
VTL.NS,2016-07-21,2026-07-21,2472
FSL.NS,2016-07-21,2026-07-21,2472
SHRIPISTON.NS,2016-07-21,2026-07-21,2471
ELGIEQUIP.NS,2016-07-21,2026-07-21,2472
CASTROLIND.NS,2016-07-21,2026-07-21,2472
ECLERX.NS,2016-07-21,2026-07-21,2472
CHAMBLFERT.NS,2016-07-21,2026-07-21,2472
ATUL.NS,2016-07-21,2026-07-21,2472
RATNAMANI.NS,2016-07-21,2026-07-21,2471
CHOICEIN.NS,2022-04-08,2026-07-21,1059
INOXINDIA.NS,2023-12-21,2026-07-21,638
CIEINDIA.NS,2016-07-21,2026-07-21,2470
AARTIIND.NS,2016-07-21,2026-07-21,2472
CHENNPETRO.NS,2016-07-21,2026-07-21,2472
EMAMILTD.NS,2016-07-21,2026-07-21,2472
TATACHEM.NS,2016-07-21,2026-07-21,2472
JYOTICNC.NS,2024-01-16,2026-07-21,622
OLAELEC.NS,2024-08-09,2026-07-21,485
PGEL.NS,2016-07-21,2026-07-21,2472
CENTURYPLY.NS,2016-07-21,2026-07-21,2471
PINELABS.NS,2025-11-14,2026-07-21,171
TDPOWERSYS.NS,2016-07-21,2026-07-21,2472
SARDAEN.NS,2016-07-21,2026-07-21,2472
PSB.NS,2016-07-21,2026-07-21,2472
ABDL.NS,2024-07-02,2026-07-21,511
JINDALSAW.NS,2016-07-21,2026-07-21,2472
LMW.NS,2016-07-21,2026-07-21,2470
POLYMED.NS,2016-07-21,2026-07-21,2472
TRAVELFOOD.NS,2025-07-14,2026-07-21,255
NATCOPHARM.NS,2016-07-21,2026-07-21,2472
COHANCE.NS,2020-03-09,2026-07-21,1578
SYNGENE.NS,2016-07-21,2026-07-21,2472
NAVA.NS,2016-07-21,2026-07-21,2472
ARE&M.NS,2016-07-21,2026-07-21,2472
CROMPTON.NS,2016-07-21,2026-07-21,2472
FIVESTAR.NS,2022-11-21,2026-07-21,907
ASTRAMICRO.NS,2016-07-21,2026-07-21,2472
KANSAINER.NS,2016-07-21,2026-07-21,2470
THELEELA.NS,2025-06-02,2026-07-21,284
APLLTD.NS,2016-07-21,2026-07-21,2472
JUBLPHARMA.NS,2016-07-21,2026-07-21,2471
GRWRHITECH.NS,2022-02-03,2026-07-21,1104
BASF.NS,2016-07-21,2026-07-21,2472
ABREL.NS,2016-07-21,2026-07-21,2472
BIKAJI.NS,2022-11-16,2026-07-21,910
MINDACORP.NS,2016-07-21,2026-07-21,2471
ZENTEC.NS,2016-07-21,2026-07-21,2472
NIVABUPA.NS,2024-11-14,2026-07-21,417
GPIL.NS,2016-07-21,2026-07-21,2472
CCL.NS,2016-07-21,2026-07-21,2472
JBMA.NS,2016-07-21,2026-07-21,2472
DCMSHRIRAM.NS,2016-07-21,2026-07-21,2471
KSB.NS,2016-07-21,2026-07-21,2472
GALLANTT.NS,2016-07-21,2026-07-21,2471
SOBHA.NS,2016-07-21,2026-07-21,2471
TBOTEK.NS,2024-05-15,2026-07-21,544
FINCABLES.NS,2016-07-21,2026-07-21,2472
FINEORG.NS,2018-07-02,2026-07-21,1990
WELSPUNLIV.NS,2016-07-21,2026-07-21,2472
AGARWALEYE.NS,2025-02-04,2026-07-21,360
APTUS.NS,2021-08-24,2026-07-21,1216
KFINTECH.NS,2022-12-29,2026-07-21,880
HONASA.NS,2023-11-07,2026-07-21,668
RAINBOW.NS,2022-05-10,2026-07-21,1040
BEML.NS,2016-07-21,2026-07-21,2472
KPITTECH.NS,2019-04-22,2026-07-21,1795
USHAMART.NS,2016-07-21,2026-07-21,2472
HAPPYFORGE.NS,2023-12-27,2026-07-21,636
AZAD.NS,2023-12-28,2026-07-21,635
IGIL.NS,2024-12-30,2026-07-21,388
AEQUS.NS,2025-12-10,2026-07-21,153
FRACTAL.NS,2026-02-16,2026-07-21,107
MAHSCOOTER.NS,2016-07-21,2026-07-21,2471
KIRLOSBROS.NS,2016-07-21,2026-07-21,2472
VEDPOWER.NS,2026-06-15,2026-07-21,27
APOLLO.NS,2018-01-22,2026-07-21,2099
CLEANMAX.NS,2026-03-02,2026-07-21,96
BBOX.NS,2016-07-21,2026-07-21,2472
PARADEEP.NS,2022-05-27,2026-07-21,1028
VENTIVE.NS,2024-12-30,2026-07-21,389
INGERRAND.NS,2016-07-21,2026-07-21,2472
ANURAS.NS,2021-03-24,2026-07-21,1317
PRIVISCL.NS,2016-07-21,2026-07-21,2471
CEATLTD.NS,2016-07-21,2026-07-21,2472
CANHLIFE.NS,2025-10-17,2026-07-21,189
ARVIND.NS,2016-07-21,2026-07-21,2472
CONCORDBIO.NS,2023-08-18,2026-07-21,723
AVANTIFEED.NS,2016-07-21,2026-07-21,2471
VOGL.NS,2026-06-15,2026-07-21,27
ALIVUS.NS,2021-08-06,2026-07-21,1226
JSWDULUX.NS,2016-07-21,2026-07-21,2472
DEVYANI.NS,2021-08-16,2026-07-21,1221
VIJAYA.NS,2021-09-14,2026-07-21,1201
DOMS.NS,2023-12-20,2026-07-21,639
VINATIORGA.NS,2016-07-21,2026-07-21,2472
INOXWIND.NS,2016-07-21,2026-07-21,2472
EIDPARRY.NS,2016-07-21,2026-07-21,2471
LTFOODS.NS,2016-07-21,2026-07-21,2472
VISL.NS,2026-06-15,2026-07-21,27
GRAVITA.NS,2016-07-21,2026-07-21,2472
KEC.NS,2016-07-21,2026-07-21,2472
SCI.NS,2016-07-21,2026-07-21,2472
VGUARD.NS,2016-07-21,2026-07-21,2471
SHADOWFAX.NS,2026-01-28,2026-07-21,120
ATLANTAELE.NS,2025-09-29,2026-07-21,201
SPLPETRO.NS,2016-07-21,2026-07-21,2472
SKFINDUS.NS,2025-12-08,2026-07-21,153
HOMEFIRST.NS,2021-02-03,2026-07-21,1351
CARTRADE.NS,2021-08-20,2026-07-21,1218
TRIDENT.NS,2016-07-21,2026-07-21,2472
ENGINERSIN.NS,2016-07-21,2026-07-21,2472
BALRAMCHIN.NS,2016-07-21,2026-07-21,2472
SHAILY.NS,2022-04-04,2026-07-21,1064
TMB.NS,2022-09-15,2026-07-21,951
UJJIVANSFB.NS,2019-12-12,2026-07-21,1638
PCBL.NS,2016-07-21,2026-07-21,2472
LLOYDSENGG.NS,2016-07-21,2026-07-21,2472
NSLNISP.NS,2023-02-20,2026-07-21,844
GRAPHITE.NS,2016-07-21,2026-07-21,2472
NUVOCO.NS,2021-08-23,2026-07-21,1217
WABAG.NS,2016-07-21,2026-07-21,2472
INDGN.NS,2024-05-13,2026-07-21,546
TEGA.NS,2021-12-13,2026-07-21,1140
JSWHL.NS,2016-07-21,2026-07-21,2472
AMAGI.NS,2026-01-21,2026-07-21,124
IRCON.NS,2018-09-28,2026-07-21,1930
SHILPAMED.NS,2016-07-21,2026-07-21,2472
MARKSANS.NS,2016-07-21,2026-07-21,2472
UTIAMC.NS,2020-10-13,2026-07-21,1430
TECHNOE.NS,2016-07-21,2026-07-21,2472
PRUDENT.NS,2022-05-20,2026-07-21,1032
SEDEMAC.NS,2026-03-11,2026-07-21,91
LLOYDSENT.NS,2024-10-17,2026-07-21,437
JMFINANCIL.NS,2016-07-21,2026-07-21,2472
CANFINHOME.NS,2016-07-21,2026-07-21,2472
PARKHOSPS.NS,2025-12-17,2026-07-21,148
ACE.NS,2016-07-21,2026-07-21,2472
ZENSARTECH.NS,2016-07-21,2026-07-21,2472
AAVAS.NS,2018-10-08,2026-07-21,1925
VIYASH.NS,2016-07-21,2026-07-21,2472
DIACABS.NS,2016-07-21,2026-07-21,2472
BLUEDART.NS,2016-07-21,2026-07-21,2472
SOUTHBANK.NS,2016-07-21,2026-07-21,2472
JUBLINGREA.NS,2021-03-19,2026-07-21,1321
JKTYRE.NS,2016-07-21,2026-07-21,2472
TITAGARH.NS,2016-07-21,2026-07-21,2472
JPPOWER.NS,2016-07-21,2026-07-21,2472
ABLBL.NS,2025-06-24,2026-07-21,269
AVALON.NS,2023-04-18,2026-07-21,808
INDIAMART.NS,2019-07-04,2026-07-21,1745
SIGNATURE.NS,2023-09-27,2026-07-21,694
JAINREC.NS,2025-10-06,2026-07-21,198
HEG.NS,2016-07-21,2026-07-21,2472
METROPOLIS.NS,2019-04-15,2026-07-21,1798
PGHL.NS,2016-07-21,2026-07-21,2470
NAZARA.NS,2021-03-30,2026-07-21,1315
RATEGAIN.NS,2021-12-17,2026-07-21,1136
EDELWEISS.NS,2016-07-21,2026-07-21,2472
UTLSOLAR.NS,2025-11-20,2026-07-21,167
OLECTRA.NS,2016-07-21,2026-07-21,2472
AFCONS.NS,2024-11-04,2026-07-21,426
KIRLPNU.NS,2023-04-26,2026-07-21,801
RELAXO.NS,2016-07-21,2026-07-21,2471
TI.NS,2016-07-21,2026-07-21,2472
GODREJAGRO.NS,2017-10-16,2026-07-21,2167
IEX.NS,2017-10-23,2026-07-21,2163
MGL.NS,2016-07-21,2026-07-21,2471
JWL.NS,2016-07-21,2026-07-21,2472
INTELLECT.NS,2016-07-21,2026-07-21,2472
IIFLCAPS.NS,2019-09-20,2026-07-21,1692
BLACKBUCK.NS,2024-11-22,2026-07-21,413
SANOFICONR.NS,2024-09-13,2026-07-21,460
RITES.NS,2018-07-03,2026-07-21,1989
WAAREERTL.NS,2025-04-09,2026-07-21,319
BBTC.NS,2016-07-21,2026-07-21,2472
ELECON.NS,2016-07-21,2026-07-21,2472
SBFC.NS,2023-08-16,2026-07-21,724
TRIVENI.NS,2016-07-21,2026-07-21,2472
TSFINV.NS,2018-03-27,2026-07-21,2056
KTKBANK.NS,2016-07-21,2026-07-21,2472
RKFORGE.NS,2016-07-21,2026-07-21,2472
ZEEL.NS,2016-07-21,2026-07-21,2472
FIRSTCRY.NS,2024-08-13,2026-07-21,483
JLHL.NS,2023-09-18,2026-07-21,700
FINPIPE.NS,2016-07-21,2026-07-21,2470
AKUMS.NS,2024-08-06,2026-07-21,485
BLUEJET.NS,2023-11-01,2026-07-21,673
RPOWER.NS,2016-07-21,2026-07-21,2472
TIMETECHNO.NS,2016-07-21,2026-07-21,2472
MANORAMA.NS,2022-07-01,2026-07-21,1003
TARIL.NS,2016-07-21,2026-07-21,2472
STAR.NS,2016-07-21,2026-07-21,2472
VARROC.NS,2018-07-09,2026-07-21,1984
PVRINOX.NS,2016-07-21,2026-07-21,2471
WHIRLPOOL.NS,2016-07-21,2026-07-21,2472
HCG.NS,2016-07-21,2026-07-21,2472
SUDEEPPHRM.NS,2025-11-28,2026-07-21,161
SWANCORP.NS,2016-07-21,2026-07-21,2472
SHREEJISPG.NS,2025-08-26,2026-07-21,225
MANYAVAR.NS,2022-02-16,2026-07-21,1094
BLS.NS,2016-07-21,2026-07-21,2472
LUMAXTECH.NS,2016-07-21,2026-07-21,2471
VOLTAMP.NS,2016-07-21,2026-07-21,2472
SKYGOLD.NS,2023-01-06,2026-07-21,874
MEDPLUS.NS,2021-12-23,2026-07-21,1131
TEJASNET.NS,2017-06-27,2026-07-21,2243
RAILTEL.NS,2021-02-26,2026-07-21,1335
MMTC.NS,2016-07-21,2026-07-21,2472
SANDUMA.NS,2023-09-07,2026-07-21,709
ASKAUTOLTD.NS,2023-11-15,2026-07-21,664
SAREGAMA.NS,2016-07-21,2026-07-21,2471
PARAS.NS,2021-10-01,2026-07-21,1189
VESUVIUS.NS,2016-07-21,2026-07-21,2471
CYIENT.NS,2016-07-21,2026-07-21,2472
BANCOINDIA.NS,2016-07-21,2026-07-21,2471
PGIL.NS,2016-07-21,2026-07-21,2471
PCJEWELLER.NS,2016-07-21,2026-07-21,2472
WEWORK.NS,2025-10-10,2026-07-21,192
ALKYLAMINE.NS,2016-07-21,2026-07-21,2472
TTKPRESTIG.NS,2016-07-21,2026-07-21,2472
SUVEN.NS,2016-07-21,2026-07-21,2472
BLUESTONE.NS,2025-08-19,2026-07-21,229
BATAINDIA.NS,2016-07-21,2026-07-21,2472
EQUITASBNK.NS,2020-11-02,2026-07-21,1416
INDIASHLTR.NS,2023-12-20,2026-07-21,638
EUREKAFORB.NS,2024-09-11,2026-07-21,462
LEMONTREE.NS,2018-04-09,2026-07-21,2049
GENUSPOWER.NS,2016-07-21,2026-07-21,2472
IXIGO.NS,2024-06-18,2026-07-21,522
JAYNECOIND.NS,2016-07-21,2026-07-21,2472
NCC.NS,2016-07-21,2026-07-21,2472
EMBDL.NS,2016-07-21,2026-07-21,2472
RELIGARE.NS,2016-07-21,2026-07-21,2471
ESABINDIA.NS,2016-07-21,2026-07-21,2470
GRINFRA.NS,2021-07-19,2026-07-21,1240
TIPSMUSIC.NS,2016-07-21,2026-07-21,2472
SONATSOFTW.NS,2016-07-21,2026-07-21,2472
BORORENEW.NS,2018-05-25,2026-07-21,2016
WELENT.NS,2016-07-21,2026-07-21,2472
RHIM.NS,2016-07-21,2026-07-21,2471
E2E.NS,2018-05-29,2026-07-21,2013
SFL.NS,2016-12-12,2026-07-21,2377
STARCEMENT.NS,2017-06-19,2026-07-21,2247
THYROCARE.NS,2016-07-21,2026-07-21,2472
SUDARSCHEM.NS,2016-07-21,2026-07-21,2471
KRBL.NS,2016-07-21,2026-07-21,2471
AVL.NS,2024-11-06,2026-07-21,422
YATHARTH.NS,2023-08-07,2026-07-21,731
SHARDACROP.NS,2016-07-21,2026-07-21,2471
KPIGREEN.NS,2021-07-27,2026-07-21,1235
POWERMECH.NS,2016-07-21,2026-07-21,2471
V2RETAIL.NS,2016-07-21,2026-07-21,2472
CELLO.NS,2023-11-06,2026-07-21,668
BSOFT.NS,2016-07-21,2026-07-21,2472
SAFARI.NS,2019-09-12,2026-07-21,1697
PNGJL.NS,2024-09-17,2026-07-21,459
ORKLAINDIA.NS,2025-11-06,2026-07-21,177
SGMART.NS,2025-09-12,2026-07-21,212
MAHLIFE.NS,2016-07-21,2026-07-21,2472
CLEAN.NS,2021-07-19,2026-07-21,1240
TTML.NS,2016-07-21,2026-07-21,2472
SANOFI.NS,2016-07-21,2026-07-21,2471
BIRLACORPN.NS,2016-07-21,2026-07-21,2471
CERA.NS,2016-07-21,2026-07-21,2471
MAHSEAMLES.NS,2016-07-21,2026-07-21,2472
INDIAGLYCO.NS,2016-07-21,2026-07-21,2472
KIRLFER.NS,2019-11-13,2026-07-21,1080
NEWGEN.NS,2018-01-29,2026-07-21,2095
TANLA.NS,2016-07-21,2026-07-21,2472
ICIL.NS,2016-07-21,2026-07-21,2472
NESCO.NS,2016-07-21,2026-07-21,2470
KWIL.NS,2026-02-16,2026-07-21,107
EPL.NS,2016-07-21,2026-07-21,2471
MIDHANI.NS,2018-04-04,2026-07-21,2052
SPARC.NS,2016-07-21,2026-07-21,2472
GMRP&UI.NS,2022-03-23,2026-07-21,1072
PRICOLLTD.NS,2016-07-21,2026-07-21,2471
GARFIBRES.NS,2016-07-21,2026-07-21,2471
INOXGREEN.NS,2022-11-23,2026-07-21,906
BALAMINES.NS,2016-07-21,2026-07-21,2472
REDTAPE.NS,2023-08-11,2026-07-21,727
GNFC.NS,2016-07-21,2026-07-21,2472
ELANTAS.NS,2026-04-22,2026-07-21,64
JYOTHYLAB.NS,2016-07-21,2026-07-21,2472
IMFA.NS,2016-07-21,2026-07-21,2472
GPPL.NS,2016-07-21,2026-07-21,2472
SKFINDIA.NS,2016-07-21,2026-07-21,2472
POWERICA.NS,2026-04-02,2026-07-21,77
CAMPUS.NS,2022-05-09,2026-07-21,1042
PICCADIL.NS,2025-07-02,2026-07-21,263
TCI.NS,2016-07-21,2026-07-21,2471
WESTLIFE.NS,2019-08-19,2026-07-21,1714
ETHOSLTD.NS,2022-05-30,2026-07-21,1026
JKLAKSHMI.NS,2016-07-21,2026-07-21,2472
RCF.NS,2016-07-21,2026-07-21,2472
ABFRL.NS,2016-07-21,2026-07-21,2472
JSLL.NS,2022-05-04,2026-07-21,1044
DYNAMATECH.NS,2016-07-21,2026-07-21,2471
OMNI.NS,2026-03-05,2026-07-21,95
VIKRAMSOLR.NS,2025-08-26,2026-07-21,225
SJS.NS,2021-11-15,2026-07-21,1159
RAIN.NS,2016-07-21,2026-07-21,2472
BAJAJCON.NS,2016-07-21,2026-07-21,2472
GANESHHOU.NS,2016-07-21,2026-07-21,2471
LOTUSDEV.NS,2025-08-06,2026-07-21,238
FDC.NS,2016-07-21,2026-07-21,2471
GALAXYSURF.NS,2018-02-08,2026-07-21,2085
KINGFA.NS,2016-07-21,2026-07-21,2470
AJAXENGG.NS,2025-02-17,2026-07-21,352
ACI.NS,2022-11-21,2026-07-21,907
HNDFDS.NS,2019-08-19,2026-07-21,1714
SHAKTIPUMP.NS,2016-07-21,2026-07-21,2472
TRANSRAILL.NS,2024-12-27,2026-07-21,390
SUPRAJIT.NS,2016-07-21,2026-07-21,2471
JKPAPER.NS,2016-07-21,2026-07-21,2471
MAXESTATES.NS,2023-10-30,2026-07-21,673
GAEL.NS,2016-07-21,2026-07-21,2472
SUPRIYA.NS,2021-12-28,2026-07-21,1129
DBL.NS,2016-08-11,2026-07-21,2455
PRECWIRE.NS,2016-07-21,2026-07-21,2472
ASHAPURMIN.NS,2016-07-21,2026-07-21,2472
ISGEC.NS,2021-05-05,2026-07-21,1291
AXISCADES.NS,2016-07-21,2026-07-21,2472
KOVAI.NS,2016-07-21,2026-07-21,1891
DODLA.NS,2021-06-28,2026-07-21,1253
UNIMECH.NS,2024-12-31,2026-07-21,387
PAISALO.NS,2016-07-21,2026-07-21,2472
JUSTDIAL.NS,2016-07-21,2026-07-21,2472
STYL.NS,2025-09-30,2026-07-21,201
SENORES.NS,2024-12-30,2026-07-21,389
MAPMYINDIA.NS,2021-12-21,2026-07-21,1134
AARTIPHARM.NS,2023-01-30,2026-07-21,859
NEPHROPLUS.NS,2025-12-17,2026-07-21,147
ITDC.NS,2016-12-30,2026-07-21,2362
PRAJIND.NS,2016-07-21,2026-07-21,2472
GREENLAM.NS,2016-07-21,2026-07-21,2470
GSFC.NS,2016-07-21,2026-07-21,2472
PNCINFRA.NS,2016-07-21,2026-07-21,2472
LATENTVIEW.NS,2021-11-23,2026-07-21,1155
CSBBANK.NS,2019-12-04,2026-07-21,1644
GOKULAGRO.NS,2016-07-21,2026-07-21,2472
ARVINDFASN.NS,2019-03-08,2026-07-21,1822
SUNFLAG.NS,2016-07-21,2026-07-21,2472
EBGNG.NS,2025-07-30,2026-07-21,242
KENNAMET.NS,2019-08-19,2026-07-21,1136
SIS.NS,2017-08-10,2026-07-21,2210
DCBBANK.NS,2016-07-21,2026-07-21,2472
ALOKINDS.NS,2016-07-21,2026-07-21,2472
SKIPPER.NS,2016-07-21,2026-07-21,2471
GOKEX.NS,2016-07-21,2026-07-21,2472
RPEL.NS,2024-08-08,2026-07-21,485
FIEMIND.NS,2016-07-21,2026-07-21,2472
TVSSCS.NS,2023-08-23,2026-07-21,719
CORDELIA.NS,2026-07-01,2026-07-21,15
SENCO.NS,2023-07-14,2026-07-21,747
MBAPL.NS,2016-09-12,2026-07-21,2436
NEOGEN.NS,2019-05-08,2026-07-21,1785
CEIGALL.NS,2024-08-08,2026-07-21,484
FEDFINA.NS,2023-11-30,2026-07-21,654
CCAVENUE.NS,2016-07-21,2026-07-21,2472
VMART.NS,2016-07-21,2026-07-21,2471
SAATVIKGL.NS,2025-09-26,2026-07-21,203
KMEW.NS,2024-12-06,2026-07-21,404
SMLMAH.NS,2016-07-21,2026-07-21,2472
RESPONIND.NS,2016-07-21,2026-07-21,2470
HCC.NS,2016-07-21,2026-07-21,2472
KSHINTL.NS,2025-12-23,2026-07-21,144
SAPPHIRE.NS,2021-11-18,2026-07-21,1157
GREAVESCOT.NS,2016-07-21,2026-07-21,2472
BECTORFOOD.NS,2020-12-24,2026-07-21,1379
TIIL.NS,2016-07-21,2026-07-21,2470
AHLUCONT.NS,2016-07-21,2026-07-21,2472
HAPPSTMNDS.NS,2020-09-17,2026-07-21,1447
MASFIN.NS,2017-10-18,2026-07-21,2165
KALPATARU.NS,2025-07-01,2026-07-21,263
NIRLON.NS,2026-04-23,2026-07-21,63
PRSMJOHNSN.NS,2016-07-21,2026-07-21,2470
STYLAMIND.NS,2021-08-02,2026-07-21,1231
INNOVACAP.NS,2023-12-29,2026-07-21,633
MASTEK.NS,2016-07-21,2026-07-21,2472
MOIL.NS,2016-07-21,2026-07-21,2472
CENTUM.NS,2016-07-21,2026-07-21,2470
AEROFLEX.NS,2023-08-31,2026-07-21,714
TIMEX.NS,2026-04-23,2026-07-21,63
IFBIND.NS,2016-07-21,2026-07-21,2472
SURYAROSNI.NS,2016-07-21,2026-07-21,2472
IONEXCHANG.NS,2022-02-22,2026-07-21,1090
GVPIL.NS,2016-07-21,2026-07-21,2472
ORCHPHARMA.NS,2016-07-21,2026-07-21,2471
PURVA.NS,2016-07-21,2026-07-21,2471
JAMNAAUTO.NS,2016-07-21,2026-07-21,2472
RUSTOMJEE.NS,2022-11-24,2026-07-21,903
SUBROS.NS,2016-07-21,2026-07-21,2471
KISSHT.NS,2026-05-08,2026-07-21,53
OPTIEMUS.NS,2017-08-08,2026-07-21,2212
SMARTWORKS.NS,2025-07-17,2026-07-21,251
GOLDIAM.NS,2016-07-21,2026-07-21,2472
JSFB.NS,2024-02-14,2026-07-21,603
SWSOLAR.NS,2019-08-20,2026-07-21,1714
BALUFORGE.NS,2024-04-29,2026-07-21,555
CRAMC.NS,2025-10-16,2026-07-21,190
GOODLUCK.NS,2016-09-07,2026-07-21,2439
PDSL.NS,2016-07-21,2026-07-21,2471
ENTERO.NS,2024-02-16,2026-07-21,600
INDIGOPNTS.NS,2021-02-02,2026-07-21,1353
SHILCTECH.NS,2025-11-24,2026-07-21,165
CARERATING.NS,2016-07-21,2026-07-21,2471
GULFOILLUB.NS,2016-07-21,2026-07-21,2472
PTC.NS,2016-07-21,2026-07-21,2472
ICRA.NS,2016-07-21,2026-07-21,2470
DATAMATICS.NS,2016-07-21,2026-07-21,2472
NACLIND.NS,2017-04-10,2026-07-21,2296
SHARDAMOTR.NS,2016-07-21,2026-07-21,2471
EMIL.NS,2022-10-17,2026-07-21,931
LGBBROSLTD.NS,2016-07-21,2026-07-21,2472
BANSALWIRE.NS,2024-07-10,2026-07-21,504
NORTHARC.NS,2024-09-24,2026-07-21,454
PILANIINVS.NS,2016-07-21,2026-07-21,2470
THOMASCOOK.NS,2016-07-21,2026-07-21,2472
LUMAXIND.NS,2016-07-21,2026-07-21,2471
RPTECH.NS,2024-02-14,2026-07-21,603
VADILALIND.NS,2016-07-21,2026-07-21,2470
SYMPHONY.NS,2016-07-21,2026-07-21,2472
HAWKINCOOK.NS,2026-04-23,2026-07-21,63
RENUKA.NS,2016-07-21,2026-07-21,2472
LXCHEM.NS,2021-03-25,2026-07-21,1317
RBA.NS,2020-12-14,2026-07-21,1386
RPGLIFE.NS,2016-07-21,2026-07-21,2472
TEXRAIL.NS,2016-07-21,2026-07-21,2472
AURIONPRO.NS,2016-07-21,2026-07-21,2472
RTNPOWER.NS,2016-07-21,2026-07-21,2472
MOSCHIP.NS,2025-02-05,2026-07-21,361
MIDWESTLTD.NS,2025-10-24,2026-07-21,184
NETWORK18.NS,2016-07-21,2026-07-21,2472
SUNTECK.NS,2016-07-21,2026-07-21,2472
ELECTCAST.NS,2016-07-21,2026-07-21,2472
CYIENTDLM.NS,2023-07-10,2026-07-21,751
RALLIS.NS,2016-07-21,2026-07-21,2472
RAYMONDREL.NS,2025-07-01,2026-07-21,264
OSWALPUMPS.NS,2025-06-20,2026-07-21,271
EPIGRAL.NS,2021-08-18,2026-07-21,1217
DHANUKA.NS,2016-07-21,2026-07-21,2470
WEBELSOLAR.NS,2016-07-21,2026-07-21,2472
MHRIL.NS,2016-07-21,2026-07-21,2472
AVANTEL.NS,2024-07-31,2026-07-21,491
FCL.NS,2016-07-21,2026-07-21,2472
SWARAJENG.NS,2016-07-21,2026-07-21,2470
AGI.NS,2016-07-21,2026-07-21,2471
CMSINFO.NS,2021-12-31,2026-07-21,1127
RAYMONDLSL.NS,2024-09-05,2026-07-21,467
RTNINDIA.NS,2016-07-21,2026-07-21,2472
VAIBHAVGBL.NS,2016-07-21,2026-07-21,2471
PACEDIGITK.NS,2025-10-06,2026-07-21,198
INDOSTAR.NS,2018-05-21,2026-07-21,2020
IOLCP.NS,2016-07-21,2026-07-21,2472
BANARISUG.NS,2016-07-21,2026-07-21,2471
JUNIPER.NS,2024-02-28,2026-07-21,593
QUESS.NS,2016-07-21,2026-07-21,2472
KRISHANA.NS,2017-02-27,2026-07-21,2322
ANUP.NS,2019-03-01,2026-07-21,1825
WAKEFIT.NS,2025-12-15,2026-07-21,149
GUJALKALI.NS,2016-07-21,2026-07-21,2471
KSCL.NS,2016-07-21,2026-07-21,2471
SHOPERSTOP.NS,2016-07-21,2026-07-21,2472
ROLEXRINGS.NS,2021-08-09,2026-07-21,1226
HIRECT.NS,2016-07-21,2026-07-21,2472
SBCL.NS,2021-06-24,2026-07-21,1256
VIPIND.NS,2016-07-21,2026-07-21,2471
AGIIL.NS,2024-07-15,2026-07-21,503
REFEX.NS,2016-07-21,2026-07-21,2471
SSWL.NS,2016-07-21,2026-07-21,2471
MSTCLTD.NS,2019-04-01,2026-07-21,1808
POCL.NS,2016-07-21,2026-07-21,2470
SGFIN.NS,2025-08-05,2026-07-21,239
PSPPROJECT.NS,2017-05-29,2026-07-21,2261
UNICHEMLAB.NS,2016-07-21,2026-07-21,2472
AYE.NS,2026-02-16,2026-07-21,107
BAJAJHIND.NS,2016-07-21,2026-07-21,2472
ZOTA.NS,2017-05-10,2026-07-21,2274
MANINFRA.NS,2016-07-21,2026-07-21,2471
VISHNU.NS,2016-07-21,2026-07-21,2472
VRLLOG.NS,2016-07-21,2026-07-21,2471
LASERPOWER.NS,2026-07-16,2026-07-21,4
ELLEN.NS,2025-07-01,2026-07-21,263
UNIVCABLES.NS,2016-07-21,2026-07-21,2472
KSL.NS,2016-07-21,2026-07-21,2472
GUJTHEM.NS,2025-02-25,2026-07-21,347
MUTHOOTMF.NS,2023-12-26,2026-07-21,635
KIRLOSIND.NS,2016-07-21,2026-07-21,2471
RAYMOND.NS,2016-07-21,2026-07-21,2472
SOTL.NS,2016-07-21,2026-07-21,2472
GHCL.NS,2016-07-21,2026-07-21,2472
MANINDS.NS,2016-07-21,2026-07-21,2472
VSTIND.NS,2016-07-21,2026-07-21,2472
NRBBEARING.NS,2016-07-21,2026-07-21,2471
GREENPLY.NS,2016-07-21,2026-07-21,2472
TFCILTD.NS,2016-07-21,2026-07-21,2472
STYRENIX.NS,2016-07-21,2026-07-21,2472
KDDL.NS,2016-07-21,2026-07-21,2470
VSTTILLERS.NS,2016-07-21,2026-07-21,2471
HEMIPROP.NS,2020-10-22,2026-07-21,1423
CAPILLARY.NS,2025-11-21,2026-07-21,166
SHAREINDIA.NS,2020-09-21,2026-07-21,1445
NOVARTIND.NS,2020-10-07,2026-07-21,854
EIEL.NS,2024-11-29,2026-07-21,409
AARTIDRUGS.NS,2016-07-21,2026-07-21,2472
LUXIND.NS,2016-07-21,2026-07-21,2472
MAHLOG.NS,2017-11-10,2026-07-21,2149
RAMRAT.NS,2022-07-29,2026-07-21,982
FOSECOIND.NS,2016-07-21,2026-07-21,2471
GUFICBIO.NS,2016-07-21,2026-07-21,2472
BAJAJELEC.NS,2016-07-21,2026-07-21,2472
HARSHA.NS,2022-09-26,2026-07-21,944
SINDHUTRAD.NS,2023-06-20,2026-07-21,763
DBCORP.NS,2016-07-21,2026-07-21,2471
JTEKTINDIA.NS,2016-07-21,2026-07-21,2472
JKIL.NS,2016-07-21,2026-07-21,2472
ASHIANA.NS,2016-07-21,2026-07-21,2472
ROSSTECH.NS,2024-12-10,2026-07-21,400
SANATHAN.NS,2024-12-27,2026-07-21,389
ORIENTELEC.NS,2018-05-14,2026-07-21,2025
EMUDHRA.NS,2022-06-01,2026-07-21,1024
SANDHAR.NS,2018-04-02,2026-07-21,2054
SAMHI.NS,2023-09-22,2026-07-21,699
FUSION.NS,2022-11-15,2026-07-21,911
SANGHVIMOV.NS,2016-07-21,2026-07-21,2472
SMSPHARMA.NS,2016-07-21,2026-07-21,2471
YASHO.NS,2023-08-21,2026-07-21,718
WHEELS.NS,2016-07-21,2026-07-21,2472
BOSCH-HCIL.NS,2016-07-21,2026-07-21,2472
ADVENZYMES.NS,2016-08-01,2026-07-21,2465
GMMPFAUDLR.NS,2018-03-05,2026-07-21,2071
HGINFRA.NS,2018-03-09,2026-07-21,2068
TRUALT.NS,2025-10-06,2026-07-21,198
HEIDELBERG.NS,2016-07-21,2026-07-21,2472
PREMEXPLN.NS,2016-07-21,2026-07-21,2472
NFL.NS,2016-07-21,2026-07-21,2472
MPSLTD.NS,2016-07-21,2026-07-21,2470
VENUSPIPES.NS,2022-05-24,2026-07-21,1030
INDIQUBE.NS,2025-07-30,2026-07-21,241
ROUTE.NS,2020-09-21,2026-07-21,1445
GRAUWEIL.NS,2021-08-05,2026-07-21,649
RELTD.NS,2024-07-30,2026-07-21,492
SEAMECLTD.NS,2016-07-21,2026-07-21,2470
BHAGCHEM.NS,2021-10-18,2026-07-21,1177
SAMBHV.NS,2025-07-02,2026-07-21,262
TARC.NS,2020-12-18,2026-07-21,1382
PITTIENG.NS,2016-07-21,2026-07-21,2470
ASHOKA.NS,2016-07-21,2026-07-21,2472
KNRCON.NS,2016-07-21,2026-07-21,2472
WSTCSTPAPR.NS,2016-07-21,2026-07-21,2471
KOLTEPATIL.NS,2016-07-21,2026-07-21,2470
KERNEX.NS,2016-07-21,2026-07-21,2472
MAYURUNIQ.NS,2016-07-21,2026-07-21,2470
INDRAMEDCO.NS,2016-07-21,2026-07-21,2472
POLYPLEX.NS,2016-07-21,2026-07-21,2472
ARSSBL.NS,2025-09-30,2026-07-21,201
PANACEABIO.NS,2016-07-21,2026-07-21,2472
TATVA.NS,2021-07-29,2026-07-21,1233
63MOONS.NS,2016-07-21,2026-07-21,2472
CARYSIL.NS,2021-01-14,2026-07-21,1365
MARINE.NS,2018-10-26,2026-07-21,1912
GOPAL.NS,2024-03-14,2026-07-21,582
NPST.NS,2021-09-16,2026-07-21,1197
NIITMTS.NS,2023-08-08,2026-07-21,727
ADFFOODS.NS,2016-07-21,2026-07-21,2472
XPROINDIA.NS,2016-07-21,2026-07-21,2472
JASH.NS,2017-10-12,2026-07-21,2166
RML.NS,2016-07-21,2026-07-21,2472
SHANTIGEAR.NS,2016-07-21,2026-07-21,2471
CRIZAC.NS,2025-07-09,2026-07-21,258
JINDWORLD.NS,2016-07-21,2026-07-21,2472
MOREPENLAB.NS,2016-07-21,2026-07-21,2472
CARRARO.NS,2024-12-30,2026-07-21,387
NAVNETEDUL.NS,2016-07-21,2026-07-21,2472
GANECOS.NS,2016-07-21,2026-07-21,2472
FILATEX.NS,2016-07-21,2026-07-21,2471
UFLEX.NS,2016-07-21,2026-07-21,2471
TVSSRICHAK.NS,2016-07-21,2026-07-21,2471
EUROPRATIK.NS,2025-09-23,2026-07-21,205
SANGAMIND.NS,2016-07-21,2026-07-21,2470
WINDMACHIN.NS,2016-07-21,2026-07-21,2471
CHEMPLASTS.NS,2021-08-24,2026-07-21,1216
NITINSPIN.NS,2016-07-21,2026-07-21,2471
INTERARCH.NS,2024-08-26,2026-07-21,473
SPECTRUM.NS,2018-10-16,2026-07-21,1914
HERITGFOOD.NS,2016-07-21,2026-07-21,2472
RAMCOIND.NS,2016-07-21,2026-07-21,2472
STEELCAS.NS,2021-11-23,2026-07-21,1154
DPABHUSHAN.NS,2017-10-23,2026-07-21,2160
KKCL.NS,2016-07-21,2026-07-21,2470
UNIPARTS.NS,2022-12-12,2026-07-21,892
BALMLAWRIE.NS,2016-07-21,2026-07-21,2472
DEEPINDS.NS,2021-04-27,2026-07-21,1298
SUNCLAY.NS,2023-12-29,2026-07-21,631
JUBLCPL.NS,2025-02-14,2026-07-21,353
RSYSTEMS.NS,2016-07-21,2026-07-21,2472
BBL.NS,2016-07-21,2026-07-21,2472
KITEX.NS,2016-07-21,2026-07-21,2472
DCAL.NS,2016-07-21,2026-07-21,2471
POKARNA.NS,2016-07-21,2026-07-21,2472
BUILDPRO.NS,2026-01-09,2026-07-21,131
DDEVPLSTIK.NS,2025-01-15,2026-07-21,376
WONDERLA.NS,2016-07-21,2026-07-21,2471
PRINCEPIPE.NS,2019-12-30,2026-07-21,1626
DALMIASUG.NS,2016-07-21,2026-07-21,2470
RAMCOSYS.NS,2016-07-21,2026-07-21,2472
RPSGVENT.NS,2019-01-25,2026-07-21,1850
ELPROINTL.NS,2026-04-22,2026-07-21,64
ROSSARI.NS,2020-07-23,2026-07-21,1487
JTLIND.NS,2021-12-23,2026-07-21,1132
HLEGLAS.NS,2021-02-22,2026-07-21,1339
TCPLPACK.NS,2017-10-17,2026-07-21,2165
MAITHANALL.NS,2016-07-21,2026-07-21,2472
GATEWAY.NS,2022-03-22,2026-07-21,1073
ANTELOPUS.NS,2016-07-21,2026-07-21,2472
JINDALPOLY.NS,2016-07-21,2026-07-21,2472
VSSL.NS,2016-07-21,2026-07-21,2471
HUBTOWN.NS,2016-07-21,2026-07-21,2472
SIYSIL.NS,2016-07-21,2026-07-21,2472
SASKEN.NS,2016-07-21,2026-07-21,2471
MONARCH.NS,2022-01-06,2026-07-21,1122
BOROLTD.NS,2020-07-22,2026-07-21,1488
PARAGMILK.NS,2016-07-21,2026-07-21,2472
INDOTHAI.NS,2016-07-21,2026-07-21,2471
PATELENG.NS,2016-07-21,2026-07-21,2472
ORIENTCEM.NS,2016-07-21,2026-07-21,2471
ZAGGLE.NS,2023-09-22,2026-07-21,699
HIKAL.NS,2016-07-21,2026-07-21,2471
BEPL.NS,2016-07-21,2026-07-21,2472
DIAMONDYD.NS,2017-10-05,2026-07-21,2172
DREDGECORP.NS,2016-07-21,2026-07-21,2472
SATIN.NS,2016-07-21,2026-07-21,2471
DIVGIITTS.NS,2023-03-14,2026-07-21,827
EFCIL.NS,2025-08-20,2026-07-21,229
GKENERGY.NS,2025-09-26,2026-07-21,202
NSIL.NS,2016-07-21,2026-07-21,2471
ARVSMART.NS,2016-07-21,2026-07-21,2471
SOLARA.NS,2018-06-27,2026-07-21,1993
AUTOAXLES.NS,2016-07-21,2026-07-21,2471
INDNIPPON.NS,2016-07-21,2026-07-21,2471
UFBL.NS,2021-04-07,2026-07-21,1308
APCOTEXIND.NS,2016-07-21,2026-07-21,2471
FLAIR.NS,2023-12-01,2026-07-21,652
NOCIL.NS,2016-07-21,2026-07-21,2472
FMGOETZE.NS,2016-07-21,2026-07-21,2470
MANGLMCEM.NS,2016-07-21,2026-07-21,2470
GLOBUSSPR.NS,2016-07-21,2026-07-21,2471
IMAGICAA.NS,2016-07-21,2026-07-21,2468
PARKHOTELS.NS,2024-02-12,2026-07-21,605
JNKINDIA.NS,2024-04-30,2026-07-21,553
UTKARSHBNK.NS,2023-07-21,2026-07-21,742
NITCO.NS,2016-07-21,2026-07-21,2471
MEDIASSIST.NS,2024-01-23,2026-07-21,617
RAMKY.NS,2016-07-21,2026-07-21,2470
MARATHON.NS,2016-09-29,2026-07-21,2425
SPANDANA.NS,2019-08-19,2026-07-21,1715
INA.NS,2026-03-09,2026-07-21,93
BOMDYEING.NS,2016-07-21,2026-07-21,2472
ARKADE.NS,2024-09-24,2026-07-21,453
KIRIINDUS.NS,2016-07-21,2026-07-21,2472
FISCHER.NS,2025-07-10,2026-07-21,257
MUFIN.NS,2023-11-06,2026-07-21,670
STOVEKRAFT.NS,2021-02-08,2026-07-21,1348
MMFL.NS,2016-07-21,2026-07-21,2472
RISHABH.NS,2023-09-11,2026-07-21,705
PANAMAPET.NS,2016-07-21,2026-07-21,2471
GIPCL.NS,2016-07-21,2026-07-21,2472
SPORTKING.NS,2022-08-24,2026-07-21,966
REPCOHOME.NS,2016-07-21,2026-07-21,2472
SILVERTUC.NS,2017-12-01,2026-07-21,2133
TALBROAUTO.NS,2016-07-21,2026-07-21,2472
VIMTALABS.NS,2016-07-21,2026-07-21,2472
EVEREADY.NS,2016-07-21,2026-07-21,2471
AJMERA.NS,2016-07-21,2026-07-21,2472
SPAL.NS,2016-08-12,2026-07-21,2455
STALLION.NS,2025-01-23,2026-07-21,371
BLSE.NS,2024-02-06,2026-07-21,609
EASEMYTRIP.NS,2021-03-19,2026-07-21,1321
RANEHOLDIN.NS,2016-07-21,2026-07-21,2472
RAJRATAN.NS,2020-05-22,2026-07-21,1529
SAIPARENT.NS,2026-04-02,2026-07-21,76
EPACKPEB.NS,2025-10-06,2026-07-21,198
PIXTRANS.NS,2022-04-28,2026-07-21,1046
SUNDROP.NS,2016-07-21,2026-07-21,2471
GNA.NS,2016-09-26,2026-07-21,2428
CONFIPET.NS,2020-10-23,2026-07-21,1422
KICL.NS,2016-07-21,2026-07-21,2470
ADOR.NS,2016-07-21,2026-07-21,2472
TEAMLEASE.NS,2016-07-21,2026-07-21,2471
VEEDOL.NS,2016-07-21,2026-07-21,2472
GREENPANEL.NS,2019-10-23,2026-07-21,1673
PROTEAN.NS,2025-02-06,2026-07-21,360
SAGCEM.NS,2016-07-21,2026-07-21,2471
CAMLINFINE.NS,2016-07-21,2026-07-21,2471
BRIGHOTEL.NS,2025-07-31,2026-07-21,240
KNACK.NS,2026-07-08,2026-07-21,10
NIBE.NS,2025-02-07,2026-07-21,359
BFUTILITIE.NS,2016-07-21,2026-07-21,2472
EPACK.NS,2024-01-30,2026-07-21,614
VINCOFE.NS,2024-10-18,2026-07-21,437
EMSLIMITED.NS,2023-09-21,2026-07-21,700
MOLDTKPAC.NS,2016-07-21,2026-07-21,2471
GSPCROP.NS,2026-03-24,2026-07-21,82
SAKSOFT.NS,2016-07-21,2026-07-21,2472
INDOCO.NS,2016-07-21,2026-07-21,2472
ADVAIT.NS,2026-01-20,2026-07-21,125
ALEMBICLTD.NS,2016-07-21,2026-07-21,2472
TAJGVK.NS,2016-07-21,2026-07-21,2472
GEOJITFSL.NS,2016-07-21,2026-07-21,2471
ORIENTHOT.NS,2016-07-21,2026-07-21,2472
PENIND.NS,2016-07-21,2026-07-21,2471
SERVOTECH.NS,2017-08-24,2026-07-21,2202
BETA.NS,2017-10-13,2026-07-21,2166
EXICOM.NS,2024-03-05,2026-07-21,589
TASTYBITE.NS,2017-03-23,2026-07-21,2306
JISLJALEQS.NS,2016-07-21,2026-07-21,2472
RHETAN.NS,2025-09-26,2026-07-21,203
TCIEXP.NS,2016-12-15,2026-07-21,2372
SIRCA.NS,2018-06-13,2026-07-21,2003
PRAKASH.NS,2016-07-21,2026-07-21,2472
ORISSAMINE.NS,2016-07-21,2026-07-21,2472
BHARATRAS.NS,2016-07-21,2026-07-21,2471
HPL.NS,2016-10-04,2026-07-21,2422
NILKAMAL.NS,2016-07-21,2026-07-21,2470
JAYKAY.NS,2025-12-03,2026-07-21,158
APOLLOPIPE.NS,2019-11-11,2026-07-21,1660
LANDMARK.NS,2022-12-23,2026-07-21,883
COSMOFIRST.NS,2016-07-21,2026-07-21,2471
VERANDA.NS,2022-04-11,2026-07-21,1059
SHRINGARMS.NS,2025-09-17,2026-07-21,209
KPEL.NS,2024-11-21,2026-07-21,414
PRABHA.NS,2025-03-19,2026-07-21,332
SANSTAR.NS,2024-07-26,2026-07-21,495
HONDAPOWER.NS,2016-07-21,2026-07-21,2470
KCP.NS,2016-07-21,2026-07-21,2471
SOMANYCERA.NS,2016-07-21,2026-07-21,2470
VINDHYATEL.NS,2016-07-21,2026-07-21,2472
CANTABIL.NS,2016-07-21,2026-07-21,2470
PARACABLES.NS,2016-07-21,2026-07-21,2472
MUKANDLTD.NS,2016-07-21,2026-07-21,2472
INDIANHUME.NS,2016-07-21,2026-07-21,2471
DCXINDIA.NS,2022-11-11,2026-07-21,914
LAOPALA.NS,2016-07-21,2026-07-21,2472
HESTERBIO.NS,2016-07-21,2026-07-21,2471
SUMEETINDS.NS,2016-07-21,2026-07-21,2470
MSPL.NS,2016-07-21,2026-07-21,2470
AWFIS.NS,2024-05-30,2026-07-21,534
ARMANFIN.NS,2016-07-21,2026-07-21,2471
HINDOILEXP.NS,2016-07-21,2026-07-21,2472
GMBREW.NS,2016-07-21,2026-07-21,2472
BAJEL.NS,2023-12-19,2026-07-21,641
VENKEYS.NS,2016-07-21,2026-07-21,2471
THEJO.NS,2016-07-21,2026-07-21,2469
GANDHAR.NS,2023-11-30,2026-07-21,654
SIMPLEXINF.NS,2016-07-21,2026-07-21,2470
VIDYAWIRES.NS,2025-12-10,2026-07-21,153
INDSWFTLAB.NS,2016-07-21,2026-07-21,2471
SBC.NS,2021-11-23,2026-07-21,1155
HGS.NS,2016-07-21,2026-07-21,2471
GOCLCORP.NS,2016-07-21,2026-07-21,2471
TIRUMALCHM.NS,2016-07-21,2026-07-21,2471
NUCLEUS.NS,2016-07-21,2026-07-21,2471
NDRAUTO.NS,2020-07-30,2026-07-21,1480
NELCO.NS,2016-07-21,2026-07-21,2472
EIHAHOTELS.NS,2016-07-21,2026-07-21,2471
HATHWAY.NS,2016-07-21,2026-07-21,2472
BCG.NS,2016-07-21,2026-07-21,2472
MARSONS.NS,2026-03-13,2026-07-21,89
SCILAL.NS,2024-03-19,2026-07-21,578
NGLFINE.NS,2022-07-08,2026-07-21,998
SAKAR.NS,2017-03-16,2026-07-21,2310
PFS.NS,2016-07-21,2026-07-21,2472
KRISHNADEF.NS,2022-04-22,2026-07-21,1050
SURYODAY.NS,2021-03-26,2026-07-21,1315
GRMOVER.NS,2022-09-07,2026-07-21,958
CAPACITE.NS,2017-09-25,2026-07-21,2181
HINDWAREAP.NS,2019-12-26,2026-07-21,1628
INSECTICID.NS,2016-07-21,2026-07-21,2471
CEINSYS.NS,2026-02-19,2026-07-21,104
GOODYEAR.NS,2016-07-21,2026-07-21,1892
JAICORPLTD.NS,2016-07-21,2026-07-21,2472
DYCL.NS,2022-07-27,2026-07-21,985
VIKRAN.NS,2025-09-03,2026-07-21,220
JAYBARMARU.NS,2016-07-21,2026-07-21,2471
GOCOLORS.NS,2021-11-30,2026-07-21,1149
MBEL.NS,2025-08-06,2026-07-21,238
AURUM.NS,2016-07-21,2026-07-21,2472
ESAFSFB.NS,2023-11-10,2026-07-21,665
ALGOQUANT.NS,2026-01-06,2026-07-21,134
HUHTAMAKI.NS,2016-07-21,2026-07-21,2472
SOLARWORLD.NS,2025-09-30,2026-07-21,200
TINNARUBR.NS,2025-04-17,2026-07-21,314
BFINVEST.NS,2016-07-21,2026-07-21,2471
STUDDS.NS,2025-11-07,2026-07-21,176
SHK.NS,2016-07-21,2026-07-21,2472
MTNL.NS,2016-07-21,2026-07-21,2472
SHALBY.NS,2017-12-15,2026-07-21,2124
KRSNAA.NS,2021-08-16,2026-07-21,1221
SIGNPOST.NS,2024-02-14,2026-07-21,601
IPL.NS,2021-07-05,2026-07-21,1249
JGCHEM.NS,2024-03-13,2026-07-21,583
HITECH.NS,2016-07-21,2026-07-21,2472
WINDLAS.NS,2021-08-16,2026-07-21,1220
ASIANENE.NS,2021-12-09,2026-07-21,1143
SPMLINFRA.NS,2016-07-21,2026-07-21,2472
TIL.NS,2016-07-21,2026-07-21,2469
RICOAUTO.NS,2016-07-21,2026-07-21,2472
DELTACORP.NS,2016-07-21,2026-07-21,2472
TBZ.NS,2016-07-21,2026-07-21,2472
ACCELYA.NS,2016-07-21,2026-07-21,2472
OMAXE.NS,2016-07-21,2026-07-21,2471
5PAISA.NS,2017-11-16,2026-07-21,2144
SMCGLOBAL.NS,2021-02-24,2026-07-21,1335
YATRA.NS,2023-09-28,2026-07-21,695
MOBIKWIK.NS,2024-12-18,2026-07-21,396
NITTAGELA.NS,2026-04-23,2026-07-21,64
JINDRILL.NS,2016-07-21,2026-07-21,2472
IKIO.NS,2023-06-16,2026-07-21,766
IZMO.NS,2016-07-21,2026-07-21,2471
SKMEGGPROD.NS,2016-07-21,2026-07-21,2472
UEL.NS,2016-07-21,2026-07-21,2471
MCLOUD.NS,2025-02-07,2026-07-21,359
WALCHANNAG.NS,2016-07-21,2026-07-21,2472
BLUSPRING.NS,2025-06-11,2026-07-21,277
SUMMITSEC.NS,2016-07-21,2026-07-21,2472
IVALUE.NS,2025-09-25,2026-07-21,203
ASALCBR.NS,2020-02-12,2026-07-21,1594
JISLDVREQS.NS,2016-07-21,2026-07-21,2471
GARUDA.NS,2024-10-15,2026-07-21,440
QUADFUTURE.NS,2025-01-14,2026-07-21,378
ALLTIME.NS,2025-08-14,2026-07-21,232
INFOBEAN.NS,2017-07-24,2026-07-21,2224
DLINKINDIA.NS,2016-07-21,2026-07-21,2472
MOTISONS.NS,2023-12-26,2026-07-21,637
GTLINFRA.NS,2016-07-21,2026-07-21,2472
WAAREEINDO.NS,2016-07-21,2026-07-21,2471
RACLGEAR.NS,2024-12-06,2026-07-21,402
NAVKARCORP.NS,2016-07-21,2026-07-21,2472
PNBGILTS.NS,2016-07-21,2026-07-21,2472
AMRUTANJAN.NS,2016-07-21,2026-07-21,2472
DSSL.NS,2016-07-21,2026-07-21,2467
ASTEC.NS,2016-07-21,2026-07-21,2472
STEELXIND.NS,2017-07-20,2026-07-21,2226
SHANTIGOLD.NS,2025-08-01,2026-07-21,241
IFGLEXPOR.NS,2016-07-21,2026-07-21,2472
VIDHIING.NS,2016-07-21,2026-07-21,2470
TARSONS.NS,2021-11-26,2026-07-21,1152
WENDT.NS,2016-07-21,2026-07-21,2471
GALAPREC.NS,2024-09-09,2026-07-21,464
DOLPHIN.NS,2016-07-21,2026-07-21,2471
DIGITIDE.NS,2025-06-11,2026-07-21,277
INDOBORAX.NS,2022-03-29,2026-07-21,1067
SHRIRAMPPS.NS,2021-12-20,2026-07-21,1136
DOLLAR.NS,2017-04-21,2026-07-21,2287
UGROCAP.NS,2021-08-11,2026-07-21,1223
JAGSNPHARM.NS,2016-07-21,2026-07-21,2472
GPTINFRA.NS,2016-07-21,2026-07-21,2470
FINOPB.NS,2021-11-12,2026-07-21,1161
ARFIN.NS,2025-07-22,2026-07-21,247
TEXINFRA.NS,2016-07-21,2026-07-21,2471
IGARASHI.NS,2016-07-21,2026-07-21,2472
AYMSYNTEX.NS,2016-07-21,2026-07-21,2471
ONEPOINT.NS,2017-12-26,2026-07-21,2117
BOROSCI.NS,2024-06-07,2026-07-21,527
PUNJABCHEM.NS,2016-07-21,2026-07-21,2469
BHARATSE.NS,2025-03-25,2026-07-21,329
DIFFNKG.NS,2024-10-04,2026-07-21,445
SESHAPAPER.NS,2016-07-21,2026-07-21,2471
PASHUPATI.NS,2017-09-08,2026-07-21,2189
BUTTERFLY.NS,2016-07-21,2026-07-21,2471
TTKHLTCARE.NS,2016-07-21,2026-07-21,2471
CAPITALSFB.NS,2024-02-14,2026-07-21,601
MANAKCOAT.NS,2016-07-21,2026-07-21,2470
CNL.NS,2017-07-27,2026-07-21,2218
JAGRAN.NS,2016-07-21,2026-07-21,2471
BHARATWIRE.NS,2016-07-21,2026-07-21,2472
ASIANTILES.NS,2016-07-21,2026-07-21,2472
IMPAL.NS,2016-07-21,2026-07-21,2471
DCW.NS,2016-07-21,2026-07-21,2472
FAZE3Q.NS,2022-11-18,2026-07-21,908
PAUSHAKLTD.NS,2025-12-01,2026-07-21,159
WEL.NS,2019-08-22,2026-07-21,1710
GENESYS.NS,2016-07-21,2026-07-21,2472
KALAMANDIR.NS,2023-09-27,2026-07-21,696
SDBL.NS,2016-07-21,2026-07-21,2472
SPIC.NS,2016-07-21,2026-07-21,2471
CLSEL.NS,2021-05-12,2026-07-21,1285
SURAKSHA.NS,2024-12-06,2026-07-21,403
PRECAM.NS,2016-07-21,2026-07-21,2472
ATULAUTO.NS,2016-07-21,2026-07-21,2472
ELECTHERM.NS,2016-07-21,2026-07-21,2471
DHANBANK.NS,2016-07-21,2026-07-21,2472
MAHASTEEL.NS,2016-07-21,2026-07-21,2470
JYOTISTRUC.NS,2016-07-21,2026-07-21,2471
AEROENTER.NS,2022-11-21,2026-07-21,907
NIITLTD.NS,2016-07-21,2026-07-21,2472
MACPOWER.NS,2018-03-22,2026-07-21,2057
SHREEPUSHK.NS,2016-07-21,2026-07-21,2472
IGPL.NS,2016-07-21,2026-07-21,2470
RUPA.NS,2016-07-21,2026-07-21,2471
GODAVARIB.NS,2024-10-30,2026-07-21,427
UDS.NS,2023-10-04,2026-07-21,691
INDORAMA.NS,2016-07-21,2026-07-21,2472
BLKASHYAP.NS,2016-07-21,2026-07-21,2472
DEN.NS,2016-07-21,2026-07-21,2470
PLATIND.NS,2024-03-05,2026-07-21,589
RGL.NS,2016-07-21,2026-07-21,2472
RATNAVEER.NS,2023-09-11,2026-07-21,706
KAPSTON.NS,2018-04-18,2026-07-21,2041
EKC.NS,2016-07-21,2026-07-21,2471
ORIENTTECH.NS,2024-08-28,2026-07-21,473
SYNCOMF.NS,2022-11-18,2026-07-21,909
ICEMAKE.NS,2017-12-08,2026-07-21,2128
SULA.NS,2022-12-22,2026-07-21,885
AWHCL.NS,2021-01-01,2026-07-21,1374
PNGSREVA.NS,2026-03-04,2026-07-21,96
BAJAJHCARE.NS,2021-11-25,2026-07-21,1153
ASIANHOTNR.NS,2016-07-21,2026-07-21,2470
GPTHEALTH.NS,2024-02-29,2026-07-21,590
APEX.NS,2017-09-05,2026-07-21,2195
HARIOMPIPE.NS,2022-04-13,2026-07-21,1057
GYFTR.NS,2026-07-10,2026-07-21,8
KROSS.NS,2024-09-16,2026-07-21,460
ALLDIGI.NS,2016-07-21,2026-07-21,2469
AGL.NS,2026-07-03,2026-07-21,13
EXPLEOSOL.NS,2016-07-21,2026-07-21,2470
ROTO.NS,2022-04-21,2026-07-21,1053
DOLATALGO.NS,2019-08-19,2026-07-21,1714
LAXMIDENTL.NS,2025-01-20,2026-07-21,374
ANDHRAPAP.NS,2016-07-21,2026-07-21,2471
OAL.NS,2020-04-15,2026-07-21,1555
UNITECH.NS,2016-07-21,2026-07-21,2472
LINCOLN.NS,2016-07-21,2026-07-21,2470
MOL.NS,2021-08-18,2026-07-21,1219
SEPC.NS,2016-07-21,2026-07-21,2472
GCSL.NS,2025-09-04,2026-07-21,215
ALLCARGO.NS,2016-07-21,2026-07-21,2472
CENTENKA.NS,2016-07-21,2026-07-21,2471
RIIL.NS,2016-07-21,2026-07-21,2472
DAMCAPITAL.NS,2024-12-27,2026-07-21,390
GREENPOWER.NS,2016-07-21,2026-07-21,2472
WANBURY.NS,2016-07-21,2026-07-21,2471
KABRAEXTRU.NS,2016-07-21,2026-07-21,2471
CENTRUM.NS,2018-04-04,2026-07-21,2052
JINDALPHOT.NS,2016-07-21,2026-07-21,2470
JPOLYINVST.NS,2016-07-21,2026-07-21,2469
ARIHANTSUP.NS,2017-03-29,2026-07-21,2301
SRM.NS,2024-04-03,2026-07-21,570
EXCELINDUS.NS,2016-07-21,2026-07-21,2470
ANDHRSUGAR.NS,2016-07-21,2026-07-21,2472
NELCAST.NS,2016-07-21,2026-07-21,2471
VHL.NS,2016-07-21,2026-07-21,2471
MONTECARLO.NS,2016-07-21,2026-07-21,2470
AMNPLST.NS,2023-11-10,2026-07-21,665
ULTRAMAR.NS,2026-04-22,2026-07-21,64
MWL.NS,2022-07-25,2026-07-21,987
HMAAGRO.NS,2023-07-04,2026-07-21,754
GULPOLY.NS,2016-07-21,2026-07-21,2471
JARO.NS,2025-09-30,2026-07-21,199
MADRASFERT.NS,2016-07-21,2026-07-21,2470
GHCLTEXTIL.NS,2023-06-12,2026-07-21,769
SHREDIGCEM.NS,2019-08-19,2026-07-21,1715
BALAJITELE.NS,2016-07-21,2026-07-21,2471
BCLIND.NS,2021-03-04,2026-07-21,1330
RSL.NS,2026-03-19,2026-07-21,85
IRMENERGY.NS,2023-10-26,2026-07-21,677
AVTNPL.NS,2016-07-21,2026-07-21,2470
HIMATSEIDE.NS,2016-07-21,2026-07-21,2472
CREST.NS,2016-07-21,2026-07-21,2470
SOLEX.NS,2018-02-06,2026-07-21,2084
MANALIPETC.NS,2016-07-21,2026-07-21,2472
MASTERTR.NS,2024-12-06,2026-07-21,402
EIMCOELECO.NS,2016-07-21,2026-07-21,2470
SALASAR.NS,2017-07-25,2026-07-21,2223
GANDHITUBE.NS,2016-07-21,2026-07-21,2470
LGHL.NS,2020-05-05,2026-07-21,1540
CONTROLPR.NS,2016-07-21,2026-07-21,2470
MUNJALAU.NS,2016-07-21,2026-07-21,2471
ALICON.NS,2016-07-21,2026-07-21,2470
SALZERELEC.NS,2016-07-21,2026-07-21,2472
AFSL.NS,2022-12-23,2026-07-21,882
STEL.NS,2016-07-21,2026-07-21,2472
KRISHIVAL.NS,2022-04-18,2026-07-21,1054
THEMISMED.NS,2016-07-21,2026-07-21,2472
GKSL.NS,2025-12-30,2026-07-21,140
HEALTHX.NS,2016-07-21,2026-07-21,2470
WEALTH.NS,2017-03-21,2026-07-21,2307
TNPL.NS,2016-07-21,2026-07-21,2471
YUKEN.NS,2021-09-02,2026-07-21,1208
GRPLTD.NS,2016-07-21,2026-07-21,2470
GKWLIMITED.NS,2016-07-21,2026-07-21,2469
SUYOG.NS,2024-08-20,2026-07-21,477
PRECOT.NS,2016-07-21,2026-07-21,2469
AMBIKCO.NS,2016-07-21,2026-07-21,2471
ZUARI.NS,2016-07-21,2026-07-21,2472
UNIECOM.NS,2024-08-13,2026-07-21,483
BIL.NS,2016-07-21,2026-07-21,2469
GEMAROMA.NS,2025-08-26,2026-07-21,224
WCIL.NS,2024-09-24,2026-07-21,454
BIRLANU.NS,2016-07-21,2026-07-21,2470
SWELECTES.NS,2016-07-21,2026-07-21,2470
MAFATIND.NS,2026-04-23,2026-07-21,63
PRIMESECU.NS,2016-07-21,2026-07-21,2470
SURAJEST.NS,2023-12-26,2026-07-21,637
TVSELECT.NS,2016-07-21,2026-07-21,2471
MAMATA.NS,2024-12-27,2026-07-21,390
LIKHITHA.NS,2020-10-15,2026-07-21,1428
ORICONENT.NS,2016-07-21,2026-07-21,2471
JITFINFRA.NS,2017-02-27,2026-07-21,2322
ESTER.NS,2016-07-21,2026-07-21,2472
SGIL.NS,2021-07-28,2026-07-21,1232
DHAMPURSUG.NS,2016-07-21,2026-07-21,2472
NDTV.NS,2016-07-21,2026-07-21,2472
ARIS.NS,2025-06-25,2026-07-21,268
CONSOFINVT.NS,2016-07-21,2026-07-21,2469
UTTAMSUGAR.NS,2016-07-21,2026-07-21,2472
STANLEY.NS,2024-06-28,2026-07-21,513
MATRIMONY.NS,2017-09-21,2026-07-21,2182
EXCELSOFT.NS,2025-11-26,2026-07-21,163
ROHLTD.NS,2016-07-21,2026-07-21,2470
DENTA.NS,2025-01-29,2026-07-21,367
FINKURVE.NS,2025-10-06,2026-07-21,196
DHARMAJ.NS,2022-12-08,2026-07-21,894
ARIHANT.NS,2016-07-21,2026-07-21,1444
HEXATRADEX.NS,2016-07-21,2026-07-21,2470
SCODATUBES.NS,2025-06-04,2026-07-21,283
MAXIND.NS,2020-08-28,2026-07-21,1459
SUDARCOLOR.NS,2016-07-21,2026-07-21,2471
TNPETRO.NS,2016-07-21,2026-07-21,2472
AQYLON.NS,2016-07-21,2026-07-21,2471
DVL.NS,2016-07-21,2026-07-21,2470
TEMBO.NS,2018-08-29,2026-07-21,1948
BORANA.NS,2025-05-27,2026-07-21,287
OMINFRAL.NS,2016-07-21,2026-07-21,2470
SRHHYPOLTD.NS,2016-07-21,2026-07-21,2471
CIFL.NS,2025-04-17,2026-07-21,313
KOKUYOCMLN.NS,2016-07-21,2026-07-21,2471
KRYSTAL.NS,2024-03-21,2026-07-21,576
NCLIND.NS,2016-07-21,2026-07-21,2471
ASAL.NS,2016-07-21,2026-07-21,2472
DWARKESH.NS,2016-07-21,2026-07-21,2471
GICHSGFIN.NS,2016-07-21,2026-07-21,2471
RMDRIP.NS,2017-10-04,2026-07-21,2172
VLSFINANCE.NS,2016-07-21,2026-07-21,2470
DECCANCE.NS,2016-07-21,2026-07-21,2470
TIRUPATIFL.NS,2017-10-12,2026-07-21,2167
ADVENTHTL.NS,2025-11-13,2026-07-21,172
SARLAPOLY.NS,2016-07-21,2026-07-21,2472
ARIHANTCAP.NS,2021-06-15,2026-07-21,1264
IRISDOREME.NS,2018-11-16,2026-07-21,1895
ANUHPHR.NS,2024-12-20,2026-07-21,393
PDMJEPAPER.NS,2016-07-21,2026-07-21,2471
KELLTONTEC.NS,2016-07-21,2026-07-21,2472
ZUARIIND.NS,2016-07-21,2026-07-21,2471
AHCL.NS,2025-09-03,2026-07-21,220
SUPREMEINF.NS,2016-07-21,2026-07-21,2470
RITCO.NS,2022-04-12,2026-07-21,1056
RADHIKAJWE.NS,2022-07-18,2026-07-21,990
ELDEHSG.NS,2022-04-12,2026-07-21,1056
PREMIERPOL.NS,2016-07-21,2026-07-21,2471
HARDWYN.NS,2022-04-12,2026-07-21,1057
BIRLAMONEY.NS,2016-07-21,2026-07-21,2471
KOTHARIPET.NS,2016-07-21,2026-07-21,2470
COMSYN.NS,2024-01-23,2026-07-21,617
INDOFARM.NS,2025-01-07,2026-07-21,382
MVGJL.NS,2023-10-03,2026-07-21,691
PVP.NS,2016-07-21,2026-07-21,2468
BLAL.NS,2023-04-19,2026-07-21,807
BAJAJINDEF.NS,2025-02-21,2026-07-21,348
GANESHBE.NS,2021-09-16,2026-07-21,1199
PROSTARM.NS,2025-06-03,2026-07-21,283
GLOSTERLTD.NS,2024-04-26,2026-07-21,555
AGARIND.NS,2016-07-21,2026-07-21,2470
SOUTHWEST.NS,2018-02-19,2026-07-21,2081
SANDESH.NS,2016-07-21,2026-07-21,2470
SICALLOG.NS,2016-07-21,2026-07-21,2469
XCHANGING.NS,2016-07-21,2026-07-21,2471
TVTODAY.NS,2016-07-21,2026-07-21,2471
ADVANCE.NS,2025-10-08,2026-07-21,195
NRAIL.NS,2017-04-05,2026-07-21,2298
PATELRMART.NS,2025-08-26,2026-07-21,225
HERANBA.NS,2021-03-05,2026-07-21,1330
20MICRONS.NS,2016-07-21,2026-07-21,2471
CCCL.NS,2016-07-21,2026-07-21,2468
STCINDIA.NS,2016-07-21,2026-07-21,2472
UNIENTER.NS,2016-07-21,2026-07-21,2470
GANESHCP.NS,2025-09-29,2026-07-21,200
MMP.NS,2018-04-26,2026-07-21,2033
GTPL.NS,2017-07-04,2026-07-21,2238
MAGADSUGAR.NS,2017-07-28,2026-07-21,2219
KSOLVES.NS,2020-08-07,2026-07-21,1476
MAANALU.NS,2016-07-21,2026-07-21,2471
VISAKAIND.NS,2016-07-21,2026-07-21,2471
SAURASHCEM.NS,2024-02-27,2026-07-21,593
PVSL.NS,2024-03-19,2026-07-21,579
EMKAY.NS,2016-07-21,2026-07-21,2470
INNOVANA.NS,2017-12-12,2026-07-21,2123
MANBA.NS,2024-09-30,2026-07-21,448
MUKKA.NS,2024-03-07,2026-07-21,586
INNOVISION.NS,2026-03-23,2026-07-21,83
FABTECH.NS,2025-10-07,2026-07-21,196
ADSL.NS,2016-07-21,2026-07-21,2472
ATL.NS,2023-08-10,2026-07-21,725
MODIS.NS,2025-11-14,2026-07-21,169
KUANTUM.NS,2019-10-23,2026-07-21,1671
PROZONER.NS,2016-07-21,2026-07-21,2471
DMCC.NS,2021-12-01,2026-07-21,1147
JAYAGROGN.NS,2016-07-21,2026-07-21,2470
CHEVIOT.NS,2022-06-20,2026-07-21,1012
BIGBLOC.NS,2016-09-02,2026-07-21,2442
MALLCOM.NS,2022-02-02,2026-07-21,1103
HMVL.NS,2016-07-21,2026-07-21,2470
MINDTECK.NS,2016-08-02,2026-07-21,2463
VAKRANGEE.NS,2016-07-21,2026-07-21,2472
ABINFRA.NS,2019-07-30,2026-07-21,1725
LINC.NS,2016-07-21,2026-07-21,2471
HINDCOMPOS.NS,2016-07-21,2026-07-21,2470
CEWATER.NS,2024-12-27,2026-07-21,389
PANSARI.NS,2017-03-22,2026-07-21,2303
NBIFIN.NS,2016-12-07,2026-07-21,2378
SNOWMAN.NS,2016-07-21,2026-07-21,2472
ONWARDTEC.NS,2016-07-21,2026-07-21,2470
ZFSTEERING.NS,2026-04-21,2026-07-21,65
SPECIALITY.NS,2016-07-21,2026-07-21,2471
TPLPLASTEH.NS,2016-07-21,2026-07-21,2472
NAHARPOLY.NS,2016-07-21,2026-07-21,2470
HTMEDIA.NS,2016-07-21,2026-07-21,2470
RBZJEWEL.NS,2023-12-27,2026-07-21,634
SATIA.NS,2019-07-17,2026-07-21,1735
PYRAMID.NS,2023-08-29,2026-07-21,714
TREL.NS,2023-08-10,2026-07-21,726
SETL.NS,2025-01-13,2026-07-21,378
DHUNINV.NS,2016-07-21,2026-07-21,2470
TRANSPEK.NS,2026-04-22,2026-07-21,64
SHIVAUM.NS,2019-10-17,2026-07-21,1671
PRIMO.NS,2025-04-22,2026-07-21,311
KRONOX.NS,2024-06-10,2026-07-21,526
SHREERAMA.NS,2016-07-21,2026-07-21,2470
OSWALGREEN.NS,2016-07-21,2026-07-21,2472
MUFTI.NS,2023-12-27,2026-07-21,635
EMAMIPAP.NS,2024-10-17,2026-07-21,437
BESTAGRO.NS,2021-02-22,2026-07-21,1339
MUNJALSHOW.NS,2016-07-21,2026-07-21,2472
ELIN.NS,2022-12-30,2026-07-21,878
CSM.NS,2026-07-02,2026-07-21,14
ZEEMEDIA.NS,2016-07-21,2026-07-21,2471
MIRZAINT.NS,2016-07-21,2026-07-21,2471
REPRO.NS,2016-07-21,2026-07-21,2470
SCHAND.NS,2017-05-09,2026-07-21,2275
SAYAJIHOTL.NS,2026-04-13,2026-07-17,68
PTL.NS,2016-07-21,2026-07-21,2471
KAMATHOTEL.NS,2016-07-21,2026-07-21,2471
URJA.NS,2017-03-28,2026-07-21,2304
RKSWAMY.NS,2024-03-12,2026-07-21,584
PLASTIBLEN.NS,2016-07-21,2026-07-21,2472
SCPL.NS,2022-11-22,2026-07-21,905
ENIL.NS,2016-07-21,2026-07-21,2471
THEINVEST.NS,2017-08-03,2026-07-21,2214
GLOBAL.NS,2017-03-15,2026-07-21,2310
SUKHJITS.NS,2022-11-07,2026-07-21,915
IRIS.NS,2021-11-08,2026-07-21,1163
BMWVENTLTD.NS,2025-10-01,2026-07-21,200
NAHARINDUS.NS,2016-07-21,2026-07-21,2471
TERASOFT.NS,2016-12-29,2026-07-21,2363
DAVANGERE.NS,2024-01-25,2026-07-21,616
INTLCONV.NS,2021-09-16,2026-07-21,1200
GFLLIMITED.NS,2016-07-21,2026-07-21,2470
MANCREDIT.NS,2024-08-16,2026-07-21,479
SREEL.NS,2016-07-21,2026-07-21,2470
ORIENTCER.NS,2016-07-21,2026-07-21,2470
SRGHFL.NS,2023-08-21,2026-07-21,719
KNAGRI.NS,2022-04-11,2026-07-21,1056
KANPRPLA.NS,2021-01-04,2026-07-21,1371
NILASPACES.NS,2018-12-28,2026-07-21,1870
ADVANIHOTR.NS,2016-07-21,2026-07-21,2471
CSLFINANCE.NS,2022-07-21,2026-07-21,987
HALEOSLABS.NS,2017-08-18,2026-07-21,2204
WSI.NS,2016-07-21,2026-07-21,2456
HLVLTD.NS,2016-07-21,2026-07-21,2471
DICIND.NS,2016-07-21,2026-07-21,2470
LIBERTSHOE.NS,2016-07-21,2026-07-21,2471
DENORA.NS,2016-07-21,2026-07-21,2471
ORIENTBELL.NS,2016-07-21,2026-07-21,2471
THOMASCOTT.NS,2016-07-21,2026-07-21,2469
GUJAPOLLO.NS,2016-07-21,2026-07-21,2470
ACL.NS,2016-07-21,2026-07-21,2470
VINYLINDIA.NS,2016-07-21,2026-07-21,2470
UGARSUGAR.NS,2016-07-21,2026-07-21,2472
RUSHIL.NS,2016-07-21,2026-07-21,2472
BANSWRAS.NS,2016-07-21,2026-07-21,2470
SHAH.NS,2016-07-21,2026-07-21,2468
ARIES.NS,2016-07-21,2026-07-21,2470
IGCL.NS,2025-07-03,2026-07-21,261
SILINV.NS,2016-07-21,2026-07-21,2471
VRAJ.NS,2024-07-03,2026-07-21,511
ABCOTS.NS,2022-01-25,2026-07-21,1107
BBTCL.NS,2018-10-31,2026-07-21,1906
TARACHAND.NS,2018-03-23,2026-07-21,2055
DCI.NS,2020-01-10,2026-07-21,1615
RAMANEWS.NS,2016-07-21,2026-07-21,2470
RAMAPHO.NS,2022-08-05,2026-07-21,977
SBGLP.NS,2023-02-10,2026-07-21,848
DONEAR.NS,2016-07-21,2026-07-21,2471
NDLVENTURE.NS,2016-07-21,2026-07-21,2468
FOODSIN.NS,2021-11-16,2026-07-21,1158
ESSARSHPNG.NS,2016-07-21,2026-07-21,2471
MONEYBOXX.NS,2025-10-15,2026-07-21,189
LORDSCHLO.NS,2023-08-28,2026-07-21,713
MAJESAUT.NS,2026-04-23,2026-07-21,64
SURAJLTD.NS,2024-08-29,2026-07-21,468
NAHARCAP.NS,2016-07-21,2026-07-21,2470
SHALPAINTS.NS,2016-07-21,2026-07-21,2472
AEPL.NS,2026-03-12,2026-07-21,89
KOTHARIPRO.NS,2016-07-21,2026-07-21,2471
TOLINS.NS,2024-09-16,2026-07-21,459
RADIANTCMS.NS,2023-01-04,2026-07-21,876
HARRMALAYA.NS,2016-07-21,2026-07-21,2472
EUROBOND.NS,2022-01-07,2026-07-21,1119
RUBFILA.NS,2024-08-09,2026-07-21,482
ALBERTDAVD.NS,2016-07-21,2026-07-21,2470
GOKUL.NS,2016-07-21,2026-07-21,2470
S&SPOWER.NS,2020-03-30,2026-07-21,1558
HCL-INSYS.NS,2016-07-21,2026-07-21,2472
BATLIBOI.NS,2026-04-15,2026-07-21,70
SIGMA.NS,2020-11-12,2026-07-21,1407
DJML.NS,2022-12-05,2026-07-21,897
SINCLAIR.NS,2024-04-10,2026-07-21,565
XTGLOBAL.NS,2024-09-16,2026-07-21,459
MEGASTAR.NS,2022-02-16,2026-07-21,1094
3IINFOLTD.NS,2016-07-21,2026-07-21,2471
ATALREAL.NS,2020-11-19,2026-07-21,1401
MANAKSIA.NS,2016-07-21,2026-07-21,2471
KAYA.NS,2016-07-21,2026-07-21,2471
MUTHOOTCAP.NS,2016-07-21,2026-07-21,2471
DREAMFOLKS.NS,2022-09-06,2026-07-21,958
MARKOLINES.NS,2025-10-14,2026-07-21,190
SOMATEX.NS,2016-07-21,2026-07-21,2467
MOLDTECH.NS,2016-07-21,2026-07-21,2470
ORIENTPPR.NS,2016-07-21,2026-07-21,2471
KAVDEFENCE.NS,2016-07-21,2026-07-21,2470
COASTCORP.NS,2021-10-08,2026-07-21,1183
BEDMUTHA.NS,2016-07-21,2026-07-21,2470
DCMSRIND.NS,2021-12-24,2026-07-21,1132
MANOMAY.NS,2023-01-18,2026-07-21,864
CPEDU.NS,2025-09-05,2026-07-21,217
NDL.NS,2016-07-21,2026-07-21,2472
GOACARBON.NS,2016-07-21,2026-07-21,2471
SHANKARA.NS,2017-04-05,2026-07-21,2297
PAKKA.NS,2023-07-11,2026-07-21,749
TREJHARA.NS,2018-12-28,2026-07-21,1868
AARTISURF.NS,2020-07-14,2026-07-21,1492
BELLACASA.NS,2025-07-18,2026-07-21,250
DEVX.NS,2025-09-17,2026-07-21,209
APOLSINHOT.NS,2016-07-21,2026-07-21,2470
MEDICAMEQ.NS,2021-10-27,2026-07-21,1171
TRACXN.NS,2022-10-20,2026-07-21,928
MEDICO.NS,2022-05-26,2026-07-21,1028
UYFINCORP.NS,2024-10-03,2026-07-21,445
MODIRUBBER.NS,2018-06-20,2026-07-21,1996
RPPINFRA.NS,2016-07-21,2026-07-21,2471
ASAHISONG.NS,2016-07-21,2026-07-21,2471
VGL.NS,2016-07-21,2026-07-21,2471
SPENCERS.NS,2019-01-25,2026-07-21,1850
HPAL.NS,2021-12-27,2026-07-21,1130
MAHEPC.NS,2020-02-14,2026-07-21,1593
ELGIRUBCO.NS,2016-07-21,2026-07-21,2472
RUCHIRA.NS,2016-07-21,2026-07-21,2471
VARDMNPOLY.NS,2016-07-21,2026-07-21,2470
SAHYADRI.NS,2023-04-06,2026-07-21,812
RMC.NS,2026-04-02,2026-07-21,77
ATLANTAA.NS,2016-07-21,2026-07-21,2471
NATHBIOGEN.NS,2016-07-21,2026-07-21,2471
APCL.NS,2017-04-10,2026-07-21,2294
RHL.NS,2023-04-25,2026-07-21,802
GENUSPAPER.NS,2016-07-21,2026-07-21,2470
IITL.NS,2016-07-21,2026-07-21,2469
EXXARO.NS,2021-08-16,2026-07-21,1219
HALDER.NS,2026-01-19,2026-07-21,125
DYNPRO.NS,2017-07-19,2026-07-21,2226
NILAINFRA.NS,2016-07-21,2026-07-21,2472
AXITA.NS,2022-06-21,2026-07-21,1010
PONNIERODE.NS,2016-07-21,2026-07-21,2469
NURECA.NS,2021-02-25,2026-07-21,1335
RNBDENIMS.NS,2025-09-04,2026-07-21,219
NDGL.NS,2016-08-30,2026-07-21,2442
RVHL.NS,2020-12-18,2026-07-21,1381
AVONMORE.NS,2023-01-04,2026-07-21,874
ASHIMASYN.NS,2016-07-21,2026-07-21,2472
REMSONSIND.NS,2016-07-21,2026-07-21,2472
BPL.NS,2016-07-21,2026-07-21,2472
KMSUGAR.NS,2016-07-21,2026-07-21,2472
STARTECK.NS,2022-05-04,2026-07-21,1044
UCAL.NS,2016-07-21,2026-07-21,2469
TRF.NS,2016-07-21,2026-07-21,2472
DIAMINESQ.NS,2023-09-25,2026-07-21,694
IVC.NS,2016-07-21,2026-07-21,2472
CINELINE.NS,2016-07-21,2026-07-21,2471
UFO.NS,2016-07-21,2026-07-21,2471
LEMERITE.NS,2022-05-23,2026-07-21,1032
AHLEAST.NS,2016-07-21,2026-07-21,2470
BIMETAL.NS,2026-04-15,2026-07-21,69
LOTUSEYE.NS,2016-07-21,2026-07-21,2469
NIPPOBATRY.NS,2016-07-21,2026-07-21,2471
VIKASLIFE.NS,2019-05-08,2026-07-21,1785
SRD.NS,2024-10-09,2026-07-21,441
KCPSUGIND.NS,2016-07-21,2026-07-21,2470
AARON.NS,2018-09-18,2026-07-21,1934
GEEKAYWIRE.NS,2017-08-24,2026-07-21,2201
BCONCEPTS.NS,2018-01-12,2026-07-21,2101
SAHLIBHFI.NS,2026-04-10,2026-07-21,71
SURANAT&P.NS,2016-07-21,2026-07-21,2470
MANAKALUCO.NS,2016-07-21,2026-07-21,2472
PODDARMENT.NS,2016-11-22,2026-07-21,2389
AMBALALSA.NS,2026-04-22,2026-07-21,64
JAYSREETEA.NS,2016-07-21,2026-07-21,2470
PIGL.NS,2018-05-08,2026-07-21,2027
ROSSELLIND.NS,2016-07-21,2026-07-21,2470
ALMONDZ.NS,2016-07-21,2026-07-21,2472
BALAJEE.NS,2024-09-12,2026-07-21,460
UNITEDTEA.NS,2016-07-21,2026-07-21,2470
AERONEU.NS,2023-01-12,2026-07-21,869
GENCON.NS,2021-02-16,2026-07-21,1343
WORTHPERI.NS,2017-09-27,2026-07-21,2176
A2ZINFRA.NS,2016-07-21,2026-07-21,2471
SONAMLTD.NS,2018-06-28,2026-07-21,1990
NITIRAJ.NS,2017-03-16,2026-07-21,2309
KALYANIFRG.NS,2016-07-21,2026-07-21,2468
PKTEA.NS,2016-07-21,2026-07-21,2470
AARVI.NS,2017-10-06,2026-07-21,2170
RVTH.NS,2024-09-11,2026-07-21,461
STARPAPER.NS,2016-07-21,2026-07-21,2472
SHRADHA.NS,2017-12-11,2026-07-21,2124
ZODIACLOTH.NS,2016-07-21,2026-07-21,2470
SINTERCOM.NS,2018-02-15,2026-07-21,2080
GLOBALVECT.NS,2016-07-21,2026-07-21,2470
ALANKIT.NS,2016-07-21,2026-07-21,2470
SSDL.NS,2024-08-20,2026-07-21,478
VSTL.NS,2024-02-20,2026-07-21,598
INTENTECH.NS,2017-03-23,2026-07-21,2305
RADIOCITY.NS,2017-03-17,2026-07-21,2310
KOTARISUG.NS,2016-07-21,2026-07-21,2472
CCHHL.NS,2016-07-21,2026-07-21,2470
SPCENET.NS,2016-07-21,2026-07-21,2469
SICAGEN.NS,2016-07-21,2026-07-21,1308
JMA.NS,2016-07-21,2026-07-21,2470
SHIVATEX.NS,2016-07-21,2026-07-21,2470
SAKHTISUG.NS,2016-07-21,2026-07-21,2471
TAINWALCHM.NS,2016-07-21,2026-07-21,2470
TEAMGTY.NS,2016-07-21,2026-07-21,2470
QMSMEDI.NS,2022-10-11,2026-07-21,933
SUPERHOUSE.NS,2016-07-21,2026-07-21,2471
DRCSYSTEMS.NS,2021-03-10,2026-07-21,1325
SILGO.NS,2018-10-29,2026-07-21,1908
ASPINWALL.NS,2016-07-21,2026-07-21,2470
GILLANDERS.NS,2016-07-21,2026-07-21,2470
AIRAN.NS,2017-07-25,2026-07-21,2222
RACE.NS,2023-05-09,2026-07-21,792
SHREYANIND.NS,2016-07-21,2026-07-21,2470
GICL.NS,2017-03-15,2026-07-21,2309
MURUDCERA.NS,2016-07-21,2026-07-21,2471
LANCORHOL.NS,2024-03-12,2026-07-21,583
RANASUG.NS,2016-07-21,2026-07-21,2472
SIKKO.NS,2017-07-27,2026-07-21,2218
SUPREME.NS,2025-02-03,2026-07-21,361
VASWANI.NS,2016-07-21,2026-07-21,2470
INDOUS.NS,2024-09-27,2026-07-21,449
ARVEE.NS,2018-02-22,2026-07-21,2074
VIRINCHI.NS,2023-05-03,2026-07-21,798
TRIGYN.NS,2016-07-21,2026-07-21,2471
TTL.NS,2016-07-21,2026-07-21,2471
MKPL.NS,2017-07-27,2026-07-21,2218
SRTL.NS,2026-03-02,2026-07-21,97
UMIYA-MRO.NS,2016-07-21,2026-07-21,2470
MODTHREAD.NS,2024-02-16,2026-07-21,599
METROGLOBL.NS,2026-04-22,2026-07-21,64
RPPL.NS,2018-10-09,2026-07-21,1922
VIKASECO.NS,2016-07-21,2026-07-21,2472
ARCHIDPLY.NS,2016-07-21,2026-07-21,2471
TICL.NS,2016-07-21,2026-07-21,2472
BAIDFIN.NS,2023-01-20,2026-07-21,862
CENTEXT.NS,2016-07-21,2026-07-21,2471
LAGNAM.NS,2018-10-04,2026-07-21,1924
INCREDIBLE.NS,2016-07-21,2026-07-21,2470
RELIABLE.NS,2017-10-12,2026-07-21,2164
DEVIT.NS,2017-07-27,2026-07-21,2220
INDTERRAIN.NS,2016-07-21,2026-07-21,2470
AMJLAND.NS,2016-07-21,2026-07-21,2470
DGCONTENT.NS,2019-06-18,2026-07-21,1755
KAMOPAINTS.NS,2023-01-24,2026-07-21,861
NARMADA.NS,2018-05-04,2026-07-21,2027
BRNL.NS,2017-09-18,2026-07-21,2185
KRITIKA.NS,2018-10-26,2026-07-21,1908
NATCAPSUQ.NS,2025-02-14,2026-07-21,352
LAL.NS,2023-04-10,2026-07-21,811
INDBANK.NS,2016-07-21,2026-07-21,2472
MHLXMIRU.NS,2022-01-27,2026-07-21,1106
KEYFINSERV.NS,2016-07-21,2026-07-21,2470
ISHANCH.NS,2025-03-25,2026-07-21,328
ALPA.NS,2016-07-21,2026-07-21,2470
MCL.NS,2017-03-15,2026-07-21,2312
TIPSFILMS.NS,2022-10-06,2026-07-21,936
HPIL.NS,2020-02-11,2026-07-21,1594
DTIL.NS,2016-07-21,2026-07-21,2470
WIPL.NS,2017-04-18,2026-07-21,2288
SECMARK.NS,2023-10-16,2026-07-21,681
BALPHARMA.NS,2016-07-21,2026-07-21,2470
PRAENG.NS,2016-07-21,2026-07-21,2470
SHAHALLOYS.NS,2016-07-21,2026-07-21,2471
AIROLAM.NS,2017-10-06,2026-07-21,2170
SIGIND.NS,2016-07-21,2026-07-21,2470
SADBHAV.NS,2016-07-21,2026-07-21,2470
RUCHINFRA.NS,2016-07-21,2026-07-21,2470
SALONA.NS,2016-07-21,2026-07-21,2470
INDIANCARD.NS,2016-07-21,2026-07-21,2470
SAMPANN.NS,2016-07-21,2026-07-21,2470
BSL.NS,2016-07-21,2026-07-21,2470
PAR.NS,2019-05-30,2026-07-21,1767
SURANASOL.NS,2016-07-21,2026-07-21,2471
HECPROJECT.NS,2017-03-21,2026-07-21,2306
MAGNUM.NS,2016-07-21,2026-07-21,2469
CORALFINAC.NS,2017-03-29,2026-07-21,2302
CROWN.NS,2017-03-16,2026-07-21,2308
TEXMOPIPES.NS,2016-07-21,2026-07-21,2470
ALPHAGEO.NS,2016-07-21,2026-07-21,2471
MAHAPEXLTD.NS,2018-04-05,2026-07-21,2049
AVROIND.NS,2018-08-09,2026-07-21,1960
WEIZMANIND.NS,2016-07-21,2026-07-21,2471
USK.NS,2023-04-03,2026-07-21,814
ISFT.NS,2016-07-21,2026-07-21,2470
SOMICONVEY.NS,2016-07-21,2026-07-21,2469
TARMAT.NS,2016-07-21,2026-07-21,2471
LAMBODHARA.NS,2016-07-21,2026-07-21,2471
XELPMOC.NS,2019-02-04,2026-07-21,1842
BCPL.NS,2026-03-27,2026-07-21,80
SAMBHAAV.NS,2016-07-21,2026-07-21,2470
GANGESSECU.NS,2017-07-31,2026-07-21,2217
KREBSBIO.NS,2016-10-27,2026-07-21,2405
VISHWARAJ.NS,2019-10-15,2026-07-21,1676
AAATECH.NS,2020-11-12,2026-07-21,1406
STEELCITY.NS,2017-03-16,2026-07-21,2310
GSLSU.NS,2023-03-23,2026-07-21,820
OBCL.NS,2022-04-07,2026-07-21,1059
GTL.NS,2016-07-21,2026-07-21,2472
CUBEXTUB.NS,2016-07-21,2026-07-21,2471
LOVABLE.NS,2016-07-21,2026-07-21,2471
GVPTECH.NS,2017-03-15,2026-07-21,2309
JETFREIGHT.NS,2017-03-15,2026-07-21,2311
NORBTEAEXP.NS,2016-07-21,2026-07-21,2450
BTML.NS,2020-11-12,2026-07-21,1405
BEARDSELL.NS,2016-07-21,2026-07-21,2471
SURYALAXMI.NS,2016-07-21,2026-07-21,2470
ZENITHEXPO.NS,2016-07-21,2026-07-21,2470
RAJSREESUG.NS,2016-07-21,2026-07-21,2471
LANDSMILL.NS,2016-07-21,2026-07-21,2469
GROBTEA.NS,2016-07-21,2026-07-21,2472
SIL.NS,2016-07-21,2026-07-21,2470
COMPUSOFT.NS,2016-07-21,2026-07-21,2471
ARTNIRMAN.NS,2017-03-15,2026-07-21,2310
BAGFILMS.NS,2016-07-21,2026-07-21,2472
RELCHEMQ.NS,2022-05-25,2026-07-21,1029
DUCON.NS,2016-07-21,2026-07-21,2471
REGENCERAM.NS,2016-07-21,2026-07-21,2466
GLOBE.NS,2018-07-13,2026-07-21,1978
LOYALTEX.NS,2022-08-11,2026-07-21,972
OSWALSEEDS.NS,2018-07-04,2026-07-21,1986
SPLIL.NS,2016-07-21,2026-07-21,2470
MOKSH.NS,2018-01-03,2026-07-21,2109
GOYALALUM.NS,2022-11-04,2026-07-21,916
SELMC.NS,2016-07-21,2026-07-21,2470
INVENTURE.NS,2016-07-21,2026-07-21,2471
RAJMET.NS,2018-10-23,2026-07-21,1913
BVCL.NS,2016-07-21,2026-07-21,2470
SMLT.NS,2021-11-25,2026-07-21,1152
FIBERWEB.NS,2022-02-16,2026-07-21,1093
AAKASH.NS,2018-05-15,2026-07-21,2022
PALASHSECU.NS,2017-07-31,2026-07-21,2218
DIGJAMLMTD.NS,2016-07-21,2026-07-21,2469
KOHINOOR.NS,2016-07-21,2026-07-21,2469
CINEVISTA.NS,2016-07-21,2026-07-21,2471
TOTAL.NS,2017-08-07,2026-07-21,2210
LPDC.NS,2016-07-21,2026-07-21,2471
NIBL.NS,2016-07-21,2026-07-21,2472
AMDIND.NS,2016-07-21,2026-07-21,2470
BLBLIMITED.NS,2016-07-21,2026-07-21,2472
HISARMETAL.NS,2017-01-05,2026-07-21,2357
ENERGYDEV.NS,2016-07-21,2026-07-21,2470
ZENITHSTL.NS,2016-07-21,2026-07-21,2460
BANARBEADS.NS,2016-07-21,2026-07-21,2470
CURAA.NS,2016-07-21,2026-07-21,2465
ATAM.NS,2023-05-10,2026-07-21,792
TOUCHWOOD.NS,2017-12-21,2026-07-21,2119
NAGREEKEXP.NS,2016-07-21,2026-07-21,2470
ORIENTLTD.NS,2016-07-21,2026-07-21,2470
DIGIDRIVE.NS,2024-01-10,2026-07-21,626
PRAKASHSTL.NS,2016-07-21,2026-07-21,2466
AJOONI.NS,2018-01-02,2026-07-21,2108
PIONEEREMB.NS,2016-07-21,2026-07-21,2471
BONLON.NS,2026-02-23,2026-07-21,101
PARASPETRO.NS,2016-07-21,2026-07-21,2470
ROML.NS,2016-07-21,2026-07-21,2469
JHS.NS,2016-07-21,2026-07-21,2471
RKEC.NS,2017-10-09,2026-07-21,2170
DELTAMAGNT.NS,2016-07-21,2026-07-21,2470
ATLASCYCLE.NS,2016-07-21,2026-07-21,2467
HGM.NS,2016-07-21,2026-07-21,2471
TFL.NS,2016-07-21,2026-07-21,2468
GATECH.NS,2016-07-25,2026-07-21,2467
RAJTV.NS,2016-07-21,2026-07-21,2471
ANMOL.NS,2021-06-04,2026-07-21,1270
SECURKLOUD.NS,2016-07-21,2026-07-21,2471
SUNDARAM.NS,2016-07-21,2026-07-21,2471
AGROPHOS.NS,2017-03-15,2026-07-21,2312
TRU.NS,2022-05-10,2026-07-21,1039
ORCHASP.NS,2025-02-07,2026-07-21,358
CTE.NS,2016-07-21,2026-07-21,2470
LCCINFOTEC.NS,2016-07-21,2026-07-21,2468
KSR.NS,2025-11-27,2026-07-21,160
BALKRISHNA.NS,2016-07-21,2026-07-21,2471
GATECHDVR.NS,2017-10-10,2026-07-21,2167
SUVIDHAA.NS,2021-03-31,2026-07-21,1313
BIOFILCHEM.NS,2017-07-27,2026-07-21,2220
MALUPAPER.NS,2016-07-21,2026-07-21,2470
ICDSLTD.NS,2021-07-06,2026-07-21,1245
ADROITINFO.NS,2016-07-21,2026-07-21,2469
AHLADA.NS,2018-10-12,2026-07-21,1920
VINNY.NS,2018-10-26,2026-07-21,1909
ARCHIES.NS,2016-07-21,2026-07-21,2470
DANGEE.NS,2018-09-18,2026-07-21,1934
JAIPURKURT.NS,2017-03-16,2026-07-21,2307
COUNCODOS.NS,2016-07-21,2026-07-21,2470
GAYAHWS.NS,2018-06-28,2026-07-21,1991
AKI.NS,2023-04-06,2026-07-21,812
TPHQ.NS,2016-07-21,2026-07-21,2462
CELEBRITY.NS,2016-07-21,2026-07-21,2471
AKASH.NS,2017-03-15,2026-07-21,2310
RKDL.NS,2016-07-21,2026-07-21,2471
CAPTRUST.NS,2017-01-16,2026-07-21,2349
KARMAENG.NS,2016-07-21,2026-07-21,2470
MANGALAM.NS,2016-07-21,2026-07-21,2471
AMBICAAGAR.NS,2016-07-21,2026-07-21,2468
LFIC.NS,2016-07-21,2026-07-21,2470
TNTELE.NS,2016-07-21,2026-07-21,2469
MITTAL.NS,2018-04-16,2026-07-21,2042
SAGARDEEP.NS,2017-07-13,2026-07-21,2230
ORIENTALTL.NS,2016-07-21,2026-07-21,2471
BANG.NS,2016-07-21,2026-07-21,2471
ADL.NS,2020-10-01,2026-07-21,1435
AROGRANITE.NS,2016-07-21,2026-07-21,2470
ABMINTLLTD.NS,2016-07-21,2026-07-21,2469
ASHOKAMET.NS,2023-06-27,2026-07-21,758
LASA.NS,2017-09-21,2026-07-21,2181
21STCENMGM.NS,2018-01-11,2026-07-21,2104
NKIND.NS,2016-07-21,2026-07-21,2469
TARAPUR.NS,2016-07-21,2026-07-21,2458
DNAMEDIA.NS,2017-12-11,2026-07-21,2127
AKSHAR.NS,2022-05-23,2026-07-21,1031
LEXUS.NS,2017-08-23,2026-07-21,2200
MOHITIND.NS,2016-07-21,2026-07-21,2463
AKG.NS,2018-10-10,2026-07-21,1921
MADHAV.NS,2016-07-21,2026-07-21,2470
KANANIIND.NS,2016-07-21,2026-07-21,2470
WILLAMAGOR.NS,2016-07-21,2026-07-21,2470
SGL.NS,2016-07-21,2026-07-21,2470
PNC.NS,2016-07-21,2026-07-21,2470
KEEPLEARN.NS,2021-03-25,2026-07-21,1315
LIBAS.NS,2017-03-15,2026-07-21,2311
INFOMEDIA.NS,2016-07-21,2026-07-21,2469
KHANDSE.NS,2016-07-21,2026-07-21,2469
NEXTMEDIA.NS,2016-07-21,2026-07-21,2470
TREEHOUSE.NS,2016-07-21,2026-07-21,2471
TGBHOTELS.NS,2016-07-21,2026-07-21,2470
LAXMICOT.NS,2017-07-25,2026-07-21,2219
VCL.NS,2022-04-19,2026-07-21,1054
ACEINTEG.NS,2017-07-13,2026-07-21,2227
MFML.NS,2024-08-27,2026-07-21,472
TECILCHEM.NS,2023-04-20,2026-07-21,798
TVVISION.NS,2016-09-15,2026-07-21,2426
HAVISHA.NS,2018-04-13,2026-07-21,2043
RADAAN.NS,2016-07-21,2026-07-21,2461
SILLYMONKS.NS,2018-01-18,2026-07-21,2098
HEADSUP.NS,2016-12-14,2026-07-21,2373
VIVIDHA.NS,2016-07-21,2026-07-21,2471
UMESLTD.NS,2016-07-21,2026-07-21,2459
RETAIL.NS,2024-06-26,2026-07-21,514
AURUS.NS,2016-07-21,2026-07-21,2471
BOHRAIND.NS,2017-07-24,2026-07-21,2221
TIJARIA.NS,2016-07-21,2026-07-21,2471
ARENTERP.NS,2017-11-07,2026-07-21,2149
CREATIVEYE.NS,2016-07-21,2026-07-21,2450
ANTGRAPHIC.NS,2016-07-21,2026-07-21,2469
NIRAJISPAT.NS,2024-03-11,2026-07-21,582
SABEVENTS.NS,2016-09-15,2026-07-21,2429
SHANTI.NS,2017-08-03,2026-07-21,2212
3BBLACKBIO.NS,2026-04-20,2026-07-21,64
3PLAND.NS,2016-07-21,2026-07-21,2469
AARNAV.NS,2026-02-25,2026-07-21,97
ABMKNO.NS,2026-04-20,2026-07-21,64
ACSTECH.NS,2026-04-20,2026-07-21,64
AKCAPIT.NS,2026-04-20,2026-07-21,64
AMIRCHAND.NS,2026-04-02,2026-07-17,75
ARTEMISMED.NS,2020-01-24,2026-07-21,1583
ASHIKA.NS,2026-04-20,2026-07-21,64
ASTAR.NS,2026-04-20,2026-07-21,56
BAJAJST.NS,2026-04-21,2026-07-21,63
BEEKAY.NS,2026-04-20,2026-07-21,64
BENGALASM.NS,2026-04-20,2026-07-21,64
BHARATCOAL.NS,2026-01-19,2026-07-21,126
BI.NS,2026-04-20,2026-07-21,64
BIRLAPREC.NS,2026-04-20,2026-07-21,64
BLIL.NS,2026-04-20,2026-07-21,64
BNALTD.NS,2026-04-20,2026-07-21,54
CMPDI.NS,2026-03-30,2026-07-21,79
CMRGREEN.NS,2026-06-10,2026-07-21,30
COCKERILL.NS,2026-04-22,2026-07-21,65
COMFINTE.NS,2026-04-20,2026-07-21,64
CORONA.NS,2025-12-15,2026-07-21,149
DECNGOLD.NS,2026-04-20,2026-07-21,64
DISAQ.NS,2026-04-21,2026-07-21,63
DRAGARWQ.NS,2026-04-20,2026-07-21,64
ELCIDIN.NS,2026-04-20,2026-07-21,64
ELITECON.NS,2026-04-20,2026-07-21,64
FEDDERSHOL.NS,2026-04-21,2026-07-21,63
FERMENTA.NS,2026-04-20,2026-07-21,64
FRONTSP.NS,2026-04-20,2026-07-21,64
GNRL.NS,2026-04-20,2026-07-21,64
GRANDOAK.NS,2026-04-20,2026-07-21,64
GRAVISSHO.NS,2026-04-20,2026-07-21,63
GUJRAFFIA.NS,2017-12-06,2026-07-21,1881
HBESD.NS,2026-04-20,2026-07-21,64
INDPRUD.NS,2026-04-20,2026-07-21,60
INVPRECQ.NS,2026-04-20,2026-07-21,64
IWP.NS,2026-04-20,2026-07-21,64
KAMAHOLD.NS,2026-04-20,2026-07-21,64
KIRANVYPAR.NS,2026-04-20,2026-07-21,63
KLBRENG-B.NS,2026-04-20,2026-07-21,64
KOTIC.NS,2026-04-20,2026-07-21,64
KPL.NS,2026-04-20,2026-07-21,64
KUSUMGAR.NS,2026-07-15,2026-07-21,5
LAHOTIOV.NS,2026-04-20,2026-07-21,63
MADHAVIPL.NS,2026-04-20,2026-07-21,64
MCCHRLS-B.NS,2026-04-21,2026-07-21,63
MENNPIS.NS,2026-04-20,2026-07-21,64
MERCANTILE.NS,2026-04-20,2026-07-21,64
NATIONSTD.NS,2026-04-20,2026-07-21,63
NEAGI.NS,2026-04-22,2026-07-21,41
NILE.NS,2026-04-20,2026-07-21,64
OMPOWER.NS,2026-04-17,2026-07-21,68
PIONRINV.NS,2026-04-20,2026-07-21,64
PML.NS,2026-04-20,2026-07-21,64
PRAVEG.NS,2026-04-20,2026-07-21,64
PREMCO.NS,2026-04-20,2026-07-21,64
QUINT.NS,2026-04-21,2026-07-21,63
RAJPALAYAM.NS,2026-04-15,2026-07-21,69
RAMBHAJO.NS,2026-07-01,2026-07-21,15
RIR.NS,2026-07-16,2026-07-21,4
RRIL.NS,2026-04-20,2026-07-21,64
RSDFIN.NS,2026-04-20,2026-07-21,57
SAPPL.NS,2026-04-22,2026-07-21,62
SCANSTL.NS,2026-04-20,2026-07-21,64
SEIL.NS,2026-04-21,2026-07-21,63
SHBAJRG.NS,2026-04-21,2026-07-21,63
SHINDL.NS,2026-04-20,2026-07-21,64
SHRIKRISH.NS,2026-04-20,2026-07-21,62
SIKA.NS,2026-04-20,2026-07-21,64
SINGERIND.NS,2026-03-19,2026-07-21,82
SONAL.NS,2026-04-22,2026-07-16,41
SURYALA.NS,2026-04-20,2026-07-21,64
TAALTECH.NS,2026-04-20,2026-07-21,64
TCC.NS,2026-02-25,2026-07-21,97
TECHNVISN.NS,2026-04-22,2026-07-21,62
TENNIND.NS,2025-11-19,2026-07-21,168
THAKDEV.NS,2026-04-22,2026-07-21,50
TURTLEMINT.NS,2026-06-29,2026-07-21,17
VOEPL.NS,2026-07-01,2026-07-21,15
WELSPLSOL.NS,2026-04-21,2026-07-21,63
WPIL.NS,2026-04-20,2026-07-21,64
ZSARACOM.NS,2026-04-20,2026-07-21,64
