symbol,error_type,reason,failed_at
AAATECH.NS,ScreenerDataError,Screener returned no historical P/E observations for AAATECH.NS,2026-08-01T23:56:19.203205+00:00
AARNAV.NS,ScreenerDataError,Screener returned no historical P/E observations for AARNAV.NS,2026-08-02T00:02:36.757719+00:00
AARON.NS,ScreenerDataError,Screener returned no historical P/E observations for AARON.NS,2026-08-01T23:51:02.159333+00:00
ABBOTINDIA.NS,ScreenerDataError,Screener returned no historical P/E observations for ABBOTINDIA.NS,2026-08-01T22:50:56.822704+00:00
ABINFRA.NS,ScreenerDataError,Screener returned no historical P/E observations for ABINFRA.NS,2026-08-01T23:43:20.985253+00:00
ACL.NS,ScreenerDataError,Screener returned no historical P/E observations for ACL.NS,2026-08-01T23:46:11.226218+00:00
ADL.NS,ScreenerDataError,Screener returned no historical P/E observations for ADL.NS,2026-08-02T00:00:38.939821+00:00
ADVANIHOTR.NS,ScreenerDataError,Screener returned no historical P/E observations for ADVANIHOTR.NS,2026-08-01T23:45:44.694826+00:00
AEQUS.NS,ScreenerDataError,Screener returned no historical P/E observations for AEQUS.NS,2026-08-01T23:01:30.848447+00:00
AGL.NS,ScreenerDataError,Screener returned no historical P/E observations for AGL.NS,2026-08-01T23:35:44.246405+00:00
AHLADA.NS,ScreenerDataError,Screener returned no historical P/E observations for AHLADA.NS,2026-08-01T23:59:45.867639+00:00
AJAXENGG.NS,ScreenerDataError,Screener returned no historical P/E observations for AJAXENGG.NS,2026-08-01T23:11:02.525535+00:00
AJOONI.NS,ScreenerDataError,Screener returned no historical P/E observations for AJOONI.NS,2026-08-01T23:58:35.870626+00:00
AKSHAR.NS,ScreenerDataError,Screener returned no historical P/E observations for AKSHAR.NS,2026-08-02T00:01:00.631103+00:00
ALBERTDAVD.NS,ScreenerDataError,Screener returned no historical P/E observations for ALBERTDAVD.NS,2026-08-01T23:47:33.033534+00:00
AMBICAAGAR.NS,ScreenerDataError,Screener returned no historical P/E observations for AMBICAAGAR.NS,2026-08-02T00:00:21.971512+00:00
AMBIKCO.NS,ScreenerDataError,Screener returned no historical P/E observations for AMBIKCO.NS,2026-08-01T23:38:29.593881+00:00
AMDIND.NS,ScreenerDataError,Screener returned no historical P/E observations for AMDIND.NS,2026-08-01T23:58:06.935837+00:00
AMIRCHAND.NS,ScreenerDataError,Screener request failed: https://www.screener.in/company/AMIRCHAND/consolidated/,2026-08-02T00:02:47.002703+00:00
ANDHRAPAP.NS,ScreenerDataError,Screener returned no historical P/E observations for ANDHRAPAP.NS,2026-08-01T23:35:56.109213+00:00
ANMOL.NS,ScreenerDataError,Screener returned no historical P/E observations for ANMOL.NS,2026-08-01T23:59:07.135210+00:00
ANTELOPUS.NS,ScreenerDataError,Screener returned no historical P/E observations for ANTELOPUS.NS,2026-08-01T23:23:19.528088+00:00
ANTGRAPHIC.NS,ScreenerDataError,Screener returned no historical P/E observations for ANTGRAPHIC.NS,2026-08-02T00:02:22.280753+00:00
ANUHPHR.NS,ScreenerDataError,Screener returned no historical P/E observations for ANUHPHR.NS,2026-08-01T23:40:46.720434+00:00
APEX.NS,ScreenerDataError,Screener returned no historical P/E observations for APEX.NS,2026-08-01T23:35:31.989169+00:00
ARCHIES.NS,ScreenerDataError,Screener returned no historical P/E observations for ARCHIES.NS,2026-08-01T23:59:50.927649+00:00
AROGRANITE.NS,ScreenerDataError,Screener returned no historical P/E observations for AROGRANITE.NS,2026-08-02T00:00:40.989314+00:00
ARTNIRMAN.NS,ScreenerDataError,Screener returned no historical P/E observations for ARTNIRMAN.NS,2026-08-01T23:57:05.088052+00:00
ARVEE.NS,ScreenerDataError,Screener returned no historical P/E observations for ARVEE.NS,2026-08-01T23:53:25.857685+00:00
ASAL.NS,ScreenerDataError,Screener returned no historical P/E observations for ASAL.NS,2026-08-01T23:40:20.530316+00:00
ASHIKA.NS,ScreenerDataError,Screener request failed: https://www.screener.in/company/ASHIKA/consolidated/,2026-08-02T00:02:56.604144+00:00
ASTRAZEN.NS,ScreenerDataError,Screener returned no historical P/E observations for ASTRAZEN.NS,2026-08-01T22:57:51.360861+00:00
ATAM.NS,ScreenerDataError,Screener returned no historical P/E observations for ATAM.NS,2026-08-01T23:58:21.489426+00:00
ATHERENERG.NS,ScreenerDataError,Screener returned no historical P/E observations for ATHERENERG.NS,2026-08-01T22:51:39.298099+00:00
AUTOAXLES.NS,ScreenerDataError,Screener returned no historical P/E observations for AUTOAXLES.NS,2026-08-01T23:24:17.367968+00:00
AVL.NS,ScreenerDataError,Screener returned no historical P/E observations for AVL.NS,2026-08-01T23:08:33.351500+00:00
AYE.NS,ScreenerDataError,Screener returned no historical P/E observations for AYE.NS,2026-08-01T23:17:46.213387+00:00
BAIDFIN.NS,ScreenerDataError,Screener returned no historical P/E observations for BAIDFIN.NS,2026-08-01T23:53:57.130188+00:00
BAJAJHCARE.NS,ScreenerDataError,Screener returned no historical P/E observations for BAJAJHCARE.NS,2026-08-01T23:35:24.533428+00:00
BAJAJHFL.NS,ScreenerDataError,Screener returned no historical P/E observations for BAJAJHFL.NS,2026-08-01T22:49:51.406706+00:00
BALKRISHNA.NS,ScreenerDataError,Screener returned no historical P/E observations for BALKRISHNA.NS,2026-08-01T23:59:29.131515+00:00
BANARBEADS.NS,ScreenerDataError,Screener returned no historical P/E observations for BANARBEADS.NS,2026-08-01T23:58:17.441252+00:00
BANARISUG.NS,ScreenerDataError,Screener returned no historical P/E observations for BANARISUG.NS,2026-08-01T23:16:55.665686+00:00
BANDHANBNK.NS,ScreenerDataError,Screener returned no historical P/E observations for BANDHANBNK.NS,2026-08-01T22:53:51.998650+00:00
BAYERCROP.NS,ScreenerDataError,Screener returned no historical P/E observations for BAYERCROP.NS,2026-08-01T22:58:20.796726+00:00
BBL.NS,ScreenerDataError,Screener returned no historical P/E observations for BBL.NS,2026-08-01T23:22:36.789849+00:00
BDL.NS,ScreenerDataError,Screener returned no historical P/E observations for BDL.NS,2026-08-01T22:52:02.743858+00:00
BELLACASA.NS,ScreenerDataError,Screener returned no historical P/E observations for BELLACASA.NS,2026-08-01T23:48:52.844197+00:00
BHARATCOAL.NS,ScreenerDataError,Screener returned no historical P/E observations for BHARATCOAL.NS,2026-08-02T00:03:03.836706+00:00
BHARATSE.NS,ScreenerDataError,Screener returned no historical P/E observations for BHARATSE.NS,2026-08-01T23:33:22.157631+00:00
BHARTIHEXA.NS,ScreenerDataError,Screener returned no historical P/E observations for BHARTIHEXA.NS,2026-08-01T22:49:06.443195+00:00
BIOFILCHEM.NS,ScreenerDataError,Screener returned no historical P/E observations for BIOFILCHEM.NS,2026-08-01T23:59:36.365645+00:00
BLAL.NS,ScreenerDataError,Screener returned no historical P/E observations for BLAL.NS,2026-08-01T23:41:27.902289+00:00
BLUEJET.NS,ScreenerDataError,Screener returned no historical P/E observations for BLUEJET.NS,2026-08-01T23:06:08.630581+00:00
BMWVENTLTD.NS,ScreenerDataError,Screener returned no historical P/E observations for BMWVENTLTD.NS,2026-08-01T23:45:17.139439+00:00
BOHRAIND.NS,ScreenerDataError,Screener returned no historical P/E observations for BOHRAIND.NS,2026-08-02T00:02:12.245935+00:00
BORANA.NS,ScreenerDataError,Screener returned no historical P/E observations for BORANA.NS,2026-08-01T23:40:05.577328+00:00
BOSCH-HCIL.NS,ScreenerDataError,Screener returned no historical P/E observations for BOSCH-HCIL.NS,2026-08-01T23:19:52.550777+00:00
BSL.NS,ScreenerDataError,Screener returned no historical P/E observations for BSL.NS,2026-08-01T23:55:23.551362+00:00
BUTTERFLY.NS,ScreenerDataError,Screener returned no historical P/E observations for BUTTERFLY.NS,2026-08-01T23:33:31.744284+00:00
CANFINHOME.NS,ScreenerDataError,Screener returned no historical P/E observations for CANFINHOME.NS,2026-08-01T23:04:04.954439+00:00
CANHLIFE.NS,ScreenerDataError,Screener returned no historical P/E observations for CANHLIFE.NS,2026-08-01T23:02:04.402407+00:00
CANTABIL.NS,ScreenerDataError,Screener returned no historical P/E observations for CANTABIL.NS,2026-08-01T23:28:15.648469+00:00
CAPITALSFB.NS,ScreenerDataError,Screener returned no historical P/E observations for CAPITALSFB.NS,2026-08-01T23:33:40.794667+00:00
CASTROLIND.NS,ScreenerDataError,Screener returned no historical P/E observations for CASTROLIND.NS,2026-08-01T22:58:52.328781+00:00
CCCL.NS,ScreenerDataError,Screener returned no historical P/E observations for CCCL.NS,2026-08-01T23:42:06.088077+00:00
CELEBRITY.NS,ScreenerDataError,Screener returned no historical P/E observations for CELEBRITY.NS,2026-08-02T00:00:07.146333+00:00
CENTEXT.NS,ScreenerDataError,Screener returned no historical P/E observations for CENTEXT.NS,2026-08-01T23:54:00.185145+00:00
CHEVIOT.NS,ScreenerDataError,Screener returned no historical P/E observations for CHEVIOT.NS,2026-08-01T23:43:06.939185+00:00
CLSEL.NS,ScreenerDataError,Screener returned no historical P/E observations for CLSEL.NS,2026-08-01T23:34:12.889639+00:00
COCKERILL.NS,ScreenerDataError,Screener returned no historical P/E observations for COCKERILL.NS,2026-08-02T00:03:20.570703+00:00
COLPAL.NS,ScreenerDataError,Screener returned no historical P/E observations for COLPAL.NS,2026-08-01T22:51:15.793740+00:00
CORALFINAC.NS,ScreenerDataError,Screener returned no historical P/E observations for CORALFINAC.NS,2026-08-01T23:55:36.033300+00:00
COUNCODOS.NS,ScreenerDataError,Screener returned no historical P/E observations for COUNCODOS.NS,2026-08-01T23:59:57.939091+00:00
CRAMC.NS,ScreenerDataError,Screener returned no historical P/E observations for CRAMC.NS,2026-08-01T23:14:42.828962+00:00
CREATIVEYE.NS,ScreenerDataError,Screener returned no historical P/E observations for CREATIVEYE.NS,2026-08-02T00:02:19.253395+00:00
CROWN.NS,ScreenerDataError,Screener returned no historical P/E observations for CROWN.NS,2026-08-01T23:55:41.617891+00:00
CSBBANK.NS,ScreenerDataError,Screener returned no historical P/E observations for CSBBANK.NS,2026-08-01T23:12:16.610494+00:00
CSLFINANCE.NS,ScreenerDataError,Screener returned no historical P/E observations for CSLFINANCE.NS,2026-08-01T23:45:46.750681+00:00
CUB.NS,ScreenerDataError,Screener returned no historical P/E observations for CUB.NS,2026-08-01T22:57:04.011486+00:00
CUBEXTUB.NS,ScreenerDataError,Screener returned no historical P/E observations for CUBEXTUB.NS,2026-08-01T23:56:30.564284+00:00
CURAA.NS,ScreenerDataError,Screener returned no historical P/E observations for CURAA.NS,2026-08-01T23:58:19.479873+00:00
DATAPATTNS.NS,ScreenerDataError,Screener returned no historical P/E observations for DATAPATTNS.NS,2026-08-01T22:56:51.053887+00:00
DAVANGERE.NS,ScreenerDataError,Screener returned no historical P/E observations for DAVANGERE.NS,2026-08-01T23:45:20.318876+00:00
DCBBANK.NS,ScreenerDataError,Screener returned no historical P/E observations for DCBBANK.NS,2026-08-01T23:12:33.842167+00:00
DCW.NS,ScreenerDataError,Screener returned no historical P/E observations for DCW.NS,2026-08-01T23:33:54.031615+00:00
DDEVPLSTIK.NS,ScreenerDataError,Screener returned no historical P/E observations for DDEVPLSTIK.NS,2026-08-01T23:22:52.379357+00:00
DECNGOLD.NS,ScreenerDataError,Screener returned no historical P/E observations for DECNGOLD.NS,2026-08-02T00:03:28.174756+00:00
DELTAMAGNT.NS,ScreenerDataError,Screener returned no historical P/E observations for DELTAMAGNT.NS,2026-08-01T23:58:55.063848+00:00
DENORA.NS,ScreenerDataError,Screener returned no historical P/E observations for DENORA.NS,2026-08-01T23:46:04.697722+00:00
DHANBANK.NS,ScreenerDataError,Screener returned no historical P/E observations for DHANBANK.NS,2026-08-01T23:34:28.263892+00:00
DICIND.NS,ScreenerDataError,Screener returned no historical P/E observations for DICIND.NS,2026-08-01T23:45:56.931429+00:00
DIGJAMLMTD.NS,ScreenerDataError,Screener returned no historical P/E observations for DIGJAMLMTD.NS,2026-08-01T23:57:50.620630+00:00
DIVGIITTS.NS,ScreenerDataError,Screener returned no historical P/E observations for DIVGIITTS.NS,2026-08-01T23:24:05.121702+00:00
DNAMEDIA.NS,ScreenerDataError,Screener returned no historical P/E observations for DNAMEDIA.NS,2026-08-02T00:00:57.600895+00:00
DRAGARWQ.NS,ScreenerDataError,Screener returned no historical P/E observations for DRAGARWQ.NS,2026-08-02T00:03:32.135461+00:00
DREDGECORP.NS,ScreenerDataError,Screener returned no historical P/E observations for DREDGECORP.NS,2026-08-01T23:23:58.538980+00:00
DWARKESH.NS,ScreenerDataError,Screener returned no historical P/E observations for DWARKESH.NS,2026-08-01T23:40:22.601589+00:00
DYCL.NS,ScreenerDataError,Screener returned no historical P/E observations for DYCL.NS,2026-08-01T23:30:03.879578+00:00
E2E.NS,ScreenerDataError,Screener returned no historical P/E observations for E2E.NS,2026-08-01T23:08:19.017111+00:00
EIHAHOTELS.NS,ScreenerDataError,Screener returned no historical P/E observations for EIHAHOTELS.NS,2026-08-01T23:29:20.064690+00:00
ELANTAS.NS,ScreenerDataError,Screener returned no historical P/E observations for ELANTAS.NS,2026-08-01T23:10:02.900864+00:00
ELLEN.NS,ScreenerDataError,Screener returned no historical P/E observations for ELLEN.NS,2026-08-01T23:18:04.291996+00:00
EMAMIPAP.NS,ScreenerDataError,Screener returned no historical P/E observations for EMAMIPAP.NS,2026-08-01T23:44:23.425328+00:00
ENRIN.NS,ScreenerDataError,Screener returned no historical P/E observations for ENRIN.NS,2026-08-01T22:46:58.668664+00:00
EQUITASBNK.NS,ScreenerDataError,Screener returned no historical P/E observations for EQUITASBNK.NS,2026-08-01T23:07:40.451834+00:00
ESABINDIA.NS,ScreenerDataError,Screener returned no historical P/E observations for ESABINDIA.NS,2026-08-01T23:08:04.280400+00:00
ESAFSFB.NS,ScreenerDataError,Screener returned no historical P/E observations for ESAFSFB.NS,2026-08-01T23:30:14.681888+00:00
FEDFINA.NS,ScreenerDataError,Screener returned no historical P/E observations for FEDFINA.NS,2026-08-01T23:13:02.298855+00:00
FINOPB.NS,ScreenerDataError,Screener returned no historical P/E observations for FINOPB.NS,2026-08-01T23:33:03.153588+00:00
FIRSTCRY.NS,ScreenerDataError,Screener returned no historical P/E observations for FIRSTCRY.NS,2026-08-01T23:06:03.170667+00:00
FIVESTAR.NS,ScreenerDataError,Screener returned no historical P/E observations for FIVESTAR.NS,2026-08-01T23:00:06.641055+00:00
FRONTSP.NS,ScreenerDataError,Screener returned no historical P/E observations for FRONTSP.NS,2026-08-02T00:03:45.353949+00:00
FUSION.NS,ScreenerDataError,Screener returned no historical P/E observations for FUSION.NS,2026-08-01T23:19:40.860174+00:00
GANDHITUBE.NS,ScreenerDataError,Screener returned no historical P/E observations for GANDHITUBE.NS,2026-08-01T23:37:44.685324+00:00
GANESHCP.NS,ScreenerDataError,Screener returned no historical P/E observations for GANESHCP.NS,2026-08-01T23:42:13.131766+00:00
GEEKAYWIRE.NS,ScreenerDataError,Screener returned no historical P/E observations for GEEKAYWIRE.NS,2026-08-01T23:51:03.960622+00:00
GHCLTEXTIL.NS,ScreenerDataError,Screener returned no historical P/E observations for GHCLTEXTIL.NS,2026-08-01T23:37:11.182728+00:00
GILLETTE.NS,ScreenerDataError,Screener returned no historical P/E observations for GILLETTE.NS,2026-08-01T22:56:06.116147+00:00
GLOBALVECT.NS,ScreenerDataError,Screener returned no historical P/E observations for GLOBALVECT.NS,2026-08-01T23:52:09.138721+00:00
GOCOLORS.NS,ScreenerDataError,Screener returned no historical P/E observations for GOCOLORS.NS,2026-08-01T23:30:08.399415+00:00
GODIGIT.NS,ScreenerDataError,Screener returned no historical P/E observations for GODIGIT.NS,2026-08-01T22:56:02.868173+00:00
GOODYEAR.NS,ScreenerDataError,Screener returned no historical P/E observations for GOODYEAR.NS,2026-08-01T23:29:55.887814+00:00
GOPAL.NS,ScreenerDataError,Screener returned no historical P/E observations for GOPAL.NS,2026-08-01T23:21:15.268993+00:00
GPTHEALTH.NS,ScreenerDataError,Screener returned no historical P/E observations for GPTHEALTH.NS,2026-08-01T23:35:29.938361+00:00
GROBTEA.NS,ScreenerDataError,Screener returned no historical P/E observations for GROBTEA.NS,2026-08-01T23:56:57.749895+00:00
GRSE.NS,ScreenerDataError,Screener returned no historical P/E observations for GRSE.NS,2026-08-01T22:54:57.002282+00:00
GTLINFRA.NS,ScreenerDataError,Screener returned no historical P/E observations for GTLINFRA.NS,2026-08-01T23:32:07.721711+00:00
GUJRAFFIA.NS,ScreenerDataError,Screener returned no historical P/E observations for GUJRAFFIA.NS,2026-08-02T00:03:53.833949+00:00
GUJTHEM.NS,ScreenerDataError,Screener returned no historical P/E observations for GUJTHEM.NS,2026-08-01T23:18:10.423820+00:00
GVT&D.NS,ScreenerDataError,Screener returned no historical P/E observations for GVT&D.NS,2026-08-01T22:47:30.219170+00:00
HAVISHA.NS,ScreenerDataError,Screener returned no historical P/E observations for HAVISHA.NS,2026-08-02T00:01:52.505609+00:00
HAWKINCOOK.NS,ScreenerDataError,Screener returned no historical P/E observations for HAWKINCOOK.NS,2026-08-01T23:15:40.738293+00:00
HCL-INSYS.NS,ScreenerDataError,Screener returned no historical P/E observations for HCL-INSYS.NS,2026-08-01T23:47:41.830042+00:00
HECPROJECT.NS,ScreenerDataError,Screener returned no historical P/E observations for HECPROJECT.NS,2026-08-01T23:55:30.422273+00:00
HEIDELBERG.NS,ScreenerDataError,Screener returned no historical P/E observations for HEIDELBERG.NS,2026-08-01T23:20:05.574312+00:00
HEMIPROP.NS,ScreenerDataError,Screener returned no historical P/E observations for HEMIPROP.NS,2026-08-01T23:18:43.274049+00:00
HISARMETAL.NS,ScreenerDataError,Screener returned no historical P/E observations for HISARMETAL.NS,2026-08-01T23:58:09.622116+00:00
HOMEFIRST.NS,ScreenerDataError,Screener returned no historical P/E observations for HOMEFIRST.NS,2026-08-01T23:02:59.569254+00:00
HONAUT.NS,ScreenerDataError,Screener returned no historical P/E observations for HONAUT.NS,2026-08-01T22:53:46.594278+00:00
HONDAPOWER.NS,ScreenerDataError,Screener returned no historical P/E observations for HONDAPOWER.NS,2026-08-01T23:28:06.025279+00:00
ICICIGI.NS,ScreenerDataError,Screener returned no historical P/E observations for ICICIGI.NS,2026-08-01T22:49:03.228210+00:00
IGARASHI.NS,ScreenerDataError,Screener returned no historical P/E observations for IGARASHI.NS,2026-08-01T23:33:11.179790+00:00
INCREDIBLE.NS,ScreenerDataError,Screener returned no historical P/E observations for INCREDIBLE.NS,2026-08-01T23:54:06.356883+00:00
INDBANK.NS,ScreenerDataError,Screener returned no historical P/E observations for INDBANK.NS,2026-08-01T23:54:33.233896+00:00
INDIANHUME.NS,ScreenerDataError,Screener returned no historical P/E observations for INDIANHUME.NS,2026-08-01T23:28:21.874661+00:00
INDIQUBE.NS,ScreenerDataError,Screener returned no historical P/E observations for INDIQUBE.NS,2026-08-01T23:20:16.928330+00:00
INDRAMEDCO.NS,ScreenerDataError,Screener returned no historical P/E observations for INDRAMEDCO.NS,2026-08-01T23:20:53.226897+00:00
INDTERRAIN.NS,ScreenerDataError,Screener returned no historical P/E observations for INDTERRAIN.NS,2026-08-01T23:54:11.730679+00:00
INFOMEDIA.NS,ScreenerDataError,Screener returned no historical P/E observations for INFOMEDIA.NS,2026-08-02T00:01:26.066318+00:00
INGERRAND.NS,ScreenerDataError,Screener returned no historical P/E observations for INGERRAND.NS,2026-08-01T23:01:54.526042+00:00
INTERARCH.NS,ScreenerDataError,Screener returned no historical P/E observations for INTERARCH.NS,2026-08-01T23:22:04.913077+00:00
IRFC.NS,ScreenerDataError,Screener returned no historical P/E observations for IRFC.NS,2026-08-01T22:47:16.406655+00:00
IRISDOREME.NS,ScreenerDataError,Screener returned no historical P/E observations for IRISDOREME.NS,2026-08-01T23:40:44.667436+00:00
ISHANCH.NS,ScreenerDataError,Screener returned no historical P/E observations for ISHANCH.NS,2026-08-01T23:54:40.563726+00:00
JAGSNPHARM.NS,ScreenerDataError,Screener returned no historical P/E observations for JAGSNPHARM.NS,2026-08-01T23:32:58.953900+00:00
JAYNECOIND.NS,ScreenerDataError,Screener returned no historical P/E observations for JAYNECOIND.NS,2026-08-01T23:07:52.055872+00:00
JISLDVREQS.NS,ScreenerDataError,Screener returned no historical P/E observations for JISLDVREQS.NS,2026-08-01T23:31:51.101324+00:00
JSFB.NS,ScreenerDataError,Screener returned no historical P/E observations for JSFB.NS,2026-08-01T23:14:36.544832+00:00
KALYANIFRG.NS,ScreenerDataError,Screener returned no historical P/E observations for KALYANIFRG.NS,2026-08-01T23:51:50.470052+00:00
KARMAENG.NS,ScreenerDataError,Screener returned no historical P/E observations for KARMAENG.NS,2026-08-02T00:00:16.628328+00:00
KARURVYSYA.NS,ScreenerDataError,Screener returned no historical P/E observations for KARURVYSYA.NS,2026-08-01T22:54:50.916215+00:00
KEEPLEARN.NS,ScreenerDataError,Screener returned no historical P/E observations for KEEPLEARN.NS,2026-08-02T00:01:21.859765+00:00
KINGFA.NS,ScreenerDataError,Screener returned no historical P/E observations for KINGFA.NS,2026-08-01T23:10:59.542108+00:00
KIOCL.NS,ScreenerDataError,Screener returned no historical P/E observations for KIOCL.NS,2026-08-01T22:56:54.108137+00:00
KREBSBIO.NS,ScreenerDataError,Screener returned no historical P/E observations for KREBSBIO.NS,2026-08-01T23:56:14.327770+00:00
KRISHANA.NS,ScreenerDataError,Screener returned no historical P/E observations for KRISHANA.NS,2026-08-01T23:17:01.940026+00:00
KRITIKA.NS,ScreenerDataError,Screener returned no historical P/E observations for KRITIKA.NS,2026-08-01T23:54:28.833879+00:00
KRONOX.NS,ScreenerDataError,Screener returned no historical P/E observations for KRONOX.NS,2026-08-01T23:44:13.697375+00:00
KROSS.NS,ScreenerDataError,Screener returned no historical P/E observations for KROSS.NS,2026-08-01T23:35:41.741286+00:00
KSHINTL.NS,ScreenerDataError,Screener returned no historical P/E observations for KSHINTL.NS,2026-08-01T23:13:20.932319+00:00
KSR.NS,ScreenerDataError,Screener returned no historical P/E observations for KSR.NS,2026-08-01T23:59:25.841676+00:00
KUANTUM.NS,ScreenerDataError,Screener returned no historical P/E observations for KUANTUM.NS,2026-08-01T23:42:56.576312+00:00
KWIL.NS,ScreenerDataError,Screener returned no historical P/E observations for KWIL.NS,2026-08-01T23:09:33.755968+00:00
LAGNAM.NS,ScreenerDataError,Screener returned no historical P/E observations for LAGNAM.NS,2026-08-01T23:54:05.765331+00:00
LAL.NS,ScreenerDataError,Screener returned no historical P/E observations for LAL.NS,2026-08-01T23:54:31.396302+00:00
LAMBODHARA.NS,ScreenerDataError,Screener returned no historical P/E observations for LAMBODHARA.NS,2026-08-01T23:56:05.629926+00:00
LAOPALA.NS,ScreenerDataError,Screener returned no historical P/E observations for LAOPALA.NS,2026-08-01T23:28:28.335812+00:00
LASA.NS,ScreenerDataError,Screener returned no historical P/E observations for LASA.NS,2026-08-02T00:00:48.262353+00:00
LEXUS.NS,ScreenerDataError,Screener returned no historical P/E observations for LEXUS.NS,2026-08-02T00:01:02.907250+00:00
LFIC.NS,ScreenerDataError,Screener returned no historical P/E observations for LFIC.NS,2026-08-02T00:00:23.781659+00:00
LGEINDIA.NS,ScreenerDataError,Screener returned no historical P/E observations for LGEINDIA.NS,2026-08-01T22:47:48.561948+00:00
LORDSCHLO.NS,ScreenerDataError,Screener returned no historical P/E observations for LORDSCHLO.NS,2026-08-01T23:47:03.953148+00:00
LOTUSEYE.NS,ScreenerDataError,Screener returned no historical P/E observations for LOTUSEYE.NS,2026-08-01T23:50:53.771759+00:00
LOVABLE.NS,ScreenerDataError,Screener returned no historical P/E observations for LOVABLE.NS,2026-08-01T23:56:33.623232+00:00
LPDC.NS,ScreenerDataError,Screener returned no historical P/E observations for LPDC.NS,2026-08-01T23:58:00.117319+00:00
MAANALU.NS,ScreenerDataError,Screener returned no historical P/E observations for MAANALU.NS,2026-08-01T23:42:28.642887+00:00
MACPOWER.NS,ScreenerDataError,Screener returned no historical P/E observations for MACPOWER.NS,2026-08-01T23:34:36.630251+00:00
MADRASFERT.NS,ScreenerDataError,Screener returned no historical P/E observations for MADRASFERT.NS,2026-08-01T23:37:07.958890+00:00
MAGADSUGAR.NS,ScreenerDataError,Screener returned no historical P/E observations for MAGADSUGAR.NS,2026-08-01T23:42:20.696694+00:00
MAHSCOOTER.NS,ScreenerDataError,Screener returned no historical P/E observations for MAHSCOOTER.NS,2026-08-01T23:01:38.472570+00:00
MALUPAPER.NS,ScreenerDataError,Screener returned no historical P/E observations for MALUPAPER.NS,2026-08-01T23:59:41.981743+00:00
MANAKALUCO.NS,ScreenerDataError,Screener returned no historical P/E observations for MANAKALUCO.NS,2026-08-01T23:51:17.159361+00:00
MANBA.NS,ScreenerDataError,Screener returned no historical P/E observations for MANBA.NS,2026-08-01T23:42:39.705970+00:00
MANGLMCEM.NS,ScreenerDataError,Screener returned no historical P/E observations for MANGLMCEM.NS,2026-08-01T23:24:34.348199+00:00
MANOMAY.NS,ScreenerDataError,Screener returned no historical P/E observations for MANOMAY.NS,2026-08-01T23:48:31.054876+00:00
MBAPL.NS,ScreenerDataError,Screener returned no historical P/E observations for MBAPL.NS,2026-08-01T23:12:54.856476+00:00
MCL.NS,ScreenerDataError,Screener returned no historical P/E observations for MCL.NS,2026-08-01T23:54:45.755753+00:00
MEDICO.NS,ScreenerDataError,Screener returned no historical P/E observations for MEDICO.NS,2026-08-01T23:49:01.300399+00:00
MEESHO.NS,ScreenerDataError,Screener returned no historical P/E observations for MEESHO.NS,2026-08-01T22:48:43.864108+00:00
MKPL.NS,ScreenerDataError,Screener returned no historical P/E observations for MKPL.NS,2026-08-01T23:53:35.141206+00:00
MODTHREAD.NS,ScreenerDataError,Screener returned no historical P/E observations for MODTHREAD.NS,2026-08-01T23:53:43.143011+00:00
MOKSH.NS,ScreenerDataError,Screener returned no historical P/E observations for MOKSH.NS,2026-08-01T23:57:26.782258+00:00
MONEYBOXX.NS,ScreenerDataError,Screener returned no historical P/E observations for MONEYBOXX.NS,2026-08-01T23:47:01.907392+00:00
MOTISONS.NS,ScreenerDataError,Screener returned no historical P/E observations for MOTISONS.NS,2026-08-01T23:32:05.651386+00:00
MSUMI.NS,ScreenerDataError,Screener returned no historical P/E observations for MSUMI.NS,2026-08-01T22:55:49.426328+00:00
MTNL.NS,ScreenerDataError,Screener returned no historical P/E observations for MTNL.NS,2026-08-01T23:30:34.213667+00:00
MUNJALSHOW.NS,ScreenerDataError,Screener returned no historical P/E observations for MUNJALSHOW.NS,2026-08-01T23:44:29.939422+00:00
MUTHOOTCAP.NS,ScreenerDataError,Screener returned no historical P/E observations for MUTHOOTCAP.NS,2026-08-01T23:48:07.554084+00:00
MUTHOOTMF.NS,ScreenerDataError,Screener returned no historical P/E observations for MUTHOOTMF.NS,2026-08-01T23:18:12.416937+00:00
MVGJL.NS,ScreenerDataError,Screener returned no historical P/E observations for MVGJL.NS,2026-08-01T23:41:22.737093+00:00
NAGREEKEXP.NS,ScreenerDataError,Screener returned no historical P/E observations for NAGREEKEXP.NS,2026-08-01T23:58:29.554618+00:00
NARMADA.NS,ScreenerDataError,Screener returned no historical P/E observations for NARMADA.NS,2026-08-01T23:54:21.109178+00:00
NATIONSTD.NS,ScreenerDataError,Screener returned no historical P/E observations for NATIONSTD.NS,2026-08-02T00:04:32.919005+00:00
NDL.NS,ScreenerDataError,Screener returned no historical P/E observations for NDL.NS,2026-08-01T23:48:34.902802+00:00
NETWEB.NS,ScreenerDataError,Screener returned no historical P/E observations for NETWEB.NS,2026-08-01T22:56:15.872116+00:00
NEXTMEDIA.NS,ScreenerDataError,Screener returned no historical P/E observations for NEXTMEDIA.NS,2026-08-02T00:01:31.667004+00:00
NIBL.NS,ScreenerDataError,Screener returned no historical P/E observations for NIBL.NS,2026-08-01T23:58:06.035335+00:00
NIRAJISPAT.NS,ScreenerDataError,Screener returned no historical P/E observations for NIRAJISPAT.NS,2026-08-02T00:02:24.520824+00:00
NIRLON.NS,ScreenerDataError,Screener returned no historical P/E observations for NIRLON.NS,2026-08-01T23:13:42.693858+00:00
NITINSPIN.NS,ScreenerDataError,Screener returned no historical P/E observations for NITINSPIN.NS,2026-08-01T23:22:04.370139+00:00
NIVABUPA.NS,ScreenerDataError,Screener returned no historical P/E observations for NIVABUPA.NS,2026-08-01T23:00:35.754247+00:00
NKIND.NS,ScreenerDataError,Screener returned no historical P/E observations for NKIND.NS,2026-08-02T00:00:55.191070+00:00
NORBTEAEXP.NS,ScreenerDataError,Screener returned no historical P/E observations for NORBTEAEXP.NS,2026-08-01T23:56:40.882656+00:00
NOVARTIND.NS,ScreenerDataError,Screener returned no historical P/E observations for NOVARTIND.NS,2026-08-01T23:18:51.828137+00:00
NRAIL.NS,ScreenerDataError,Screener returned no historical P/E observations for NRAIL.NS,2026-08-01T23:41:57.032681+00:00
NSLNISP.NS,ScreenerDataError,Screener returned no historical P/E observations for NSLNISP.NS,2026-08-01T23:03:23.794569+00:00
OLAELEC.NS,ScreenerDataError,Screener returned no historical P/E observations for OLAELEC.NS,2026-08-01T22:59:23.200344+00:00
OMPOWER.NS,ScreenerDataError,Screener returned no historical P/E observations for OMPOWER.NS,2026-08-02T00:04:40.352164+00:00
ORIENTALTL.NS,ScreenerDataError,Screener returned no historical P/E observations for ORIENTALTL.NS,2026-08-02T00:00:33.767349+00:00
ORIENTCEM.NS,ScreenerDataError,Screener returned no historical P/E observations for ORIENTCEM.NS,2026-08-01T23:23:45.714405+00:00
ORIENTELEC.NS,ScreenerDataError,Screener returned no historical P/E observations for ORIENTELEC.NS,2026-08-01T23:19:31.446451+00:00
ORIENTLTD.NS,ScreenerDataError,Screener returned no historical P/E observations for ORIENTLTD.NS,2026-08-01T23:58:30.172601+00:00
ORIENTPPR.NS,ScreenerDataError,Screener returned no historical P/E observations for ORIENTPPR.NS,2026-08-01T23:48:19.167569+00:00
ORISSAMINE.NS,ScreenerDataError,Screener returned no historical P/E observations for ORISSAMINE.NS,2026-08-01T23:27:34.511654+00:00
PAGEIND.NS,ScreenerDataError,Screener returned no historical P/E observations for PAGEIND.NS,2026-08-01T22:52:16.008211+00:00
PANACEABIO.NS,ScreenerDataError,Screener returned no historical P/E observations for PANACEABIO.NS,2026-08-01T23:21:00.863732+00:00
PAR.NS,ScreenerDataError,Screener returned no historical P/E observations for PAR.NS,2026-08-01T23:55:26.570387+00:00
PARASPETRO.NS,ScreenerDataError,Screener returned no historical P/E observations for PARASPETRO.NS,2026-08-01T23:58:43.188723+00:00
PATELRMART.NS,ScreenerDataError,Screener returned no historical P/E observations for PATELRMART.NS,2026-08-01T23:41:58.793586+00:00
PAUSHAKLTD.NS,ScreenerDataError,Screener returned no historical P/E observations for PAUSHAKLTD.NS,2026-08-01T23:33:58.077709+00:00
PDMJEPAPER.NS,ScreenerDataError,Screener returned no historical P/E observations for PDMJEPAPER.NS,2026-08-01T23:40:52.321889+00:00
PFIZER.NS,ScreenerDataError,Screener returned no historical P/E observations for PFIZER.NS,2026-08-01T22:57:27.840297+00:00
PGHH.NS,ScreenerDataError,Screener returned no historical P/E observations for PGHH.NS,2026-08-01T22:55:15.734969+00:00
PGHL.NS,ScreenerDataError,Screener returned no historical P/E observations for PGHL.NS,2026-08-01T23:04:52.524600+00:00
PLASTIBLEN.NS,ScreenerDataError,Screener returned no historical P/E observations for PLASTIBLEN.NS,2026-08-01T23:44:56.469646+00:00
PNBGILTS.NS,ScreenerDataError,Screener returned no historical P/E observations for PNBGILTS.NS,2026-08-01T23:32:18.065246+00:00
PNGSREVA.NS,ScreenerDataError,Screener returned no historical P/E observations for PNGSREVA.NS,2026-08-01T23:35:22.495253+00:00
PODDARMENT.NS,ScreenerDataError,Screener returned no historical P/E observations for PODDARMENT.NS,2026-08-01T23:51:17.762477+00:00
PONNIERODE.NS,ScreenerDataError,Screener returned no historical P/E observations for PONNIERODE.NS,2026-08-01T23:50:05.087320+00:00
POWERINDIA.NS,ScreenerDataError,Screener returned no historical P/E observations for POWERINDIA.NS,2026-08-01T22:46:19.974293+00:00
PREMIERPOL.NS,ScreenerDataError,Screener returned no historical P/E observations for PREMIERPOL.NS,2026-08-01T23:41:08.382143+00:00
PRINCEPIPE.NS,ScreenerDataError,Screener returned no historical P/E observations for PRINCEPIPE.NS,2026-08-01T23:22:53.571957+00:00
PSB.NS,ScreenerDataError,Screener returned no historical P/E observations for PSB.NS,2026-08-01T22:59:39.840892+00:00
PWL.NS,ScreenerDataError,Screener returned no historical P/E observations for PWL.NS,2026-08-01T22:53:08.166180+00:00
PYRAMID.NS,ScreenerDataError,Screener returned no historical P/E observations for PYRAMID.NS,2026-08-01T23:43:56.200169+00:00
QUADFUTURE.NS,ScreenerDataError,Screener returned no historical P/E observations for QUADFUTURE.NS,2026-08-01T23:31:56.101859+00:00
RADHIKAJWE.NS,ScreenerDataError,Screener returned no historical P/E observations for RADHIKAJWE.NS,2026-08-01T23:41:04.360536+00:00
RADIOCITY.NS,ScreenerDataError,Screener returned no historical P/E observations for RADIOCITY.NS,2026-08-01T23:52:20.750110+00:00
RAJMET.NS,ScreenerDataError,Screener returned no historical P/E observations for RAJMET.NS,2026-08-01T23:57:36.415395+00:00
RAJTV.NS,ScreenerDataError,Screener returned no historical P/E observations for RAJTV.NS,2026-08-01T23:59:05.118891+00:00
RAMANEWS.NS,ScreenerDataError,Screener returned no historical P/E observations for RAMANEWS.NS,2026-08-01T23:46:44.987538+00:00
RAMAPHO.NS,ScreenerDataError,Screener returned no historical P/E observations for RAMAPHO.NS,2026-08-01T23:46:47.040753+00:00
RAMBHAJO.NS,ScreenerDataError,Screener returned no historical P/E observations for RAMBHAJO.NS,2026-08-02T00:04:56.159112+00:00
RANASUG.NS,ScreenerDataError,Screener returned no historical P/E observations for RANASUG.NS,2026-08-01T23:53:17.356021+00:00
RBA.NS,ScreenerDataError,Screener returned no historical P/E observations for RBA.NS,2026-08-01T23:15:45.487077+00:00
RBZJEWEL.NS,ScreenerDataError,Screener returned no historical P/E observations for RBZJEWEL.NS,2026-08-01T23:43:52.160459+00:00
REGENCERAM.NS,ScreenerDataError,Screener returned no historical P/E observations for REGENCERAM.NS,2026-08-01T23:57:17.107364+00:00
RELAXO.NS,ScreenerDataError,Screener returned no historical P/E observations for RELAXO.NS,2026-08-01T23:05:14.899821+00:00
RELCHEMQ.NS,ScreenerDataError,Screener returned no historical P/E observations for RELCHEMQ.NS,2026-08-01T23:57:09.326067+00:00
RETAIL.NS,ScreenerDataError,Screener returned no historical P/E observations for RETAIL.NS,2026-08-02T00:02:07.053530+00:00
RHETAN.NS,ScreenerDataError,Screener returned no historical P/E observations for RHETAN.NS,2026-08-01T23:27:24.703435+00:00
RHL.NS,ScreenerDataError,Screener returned no historical P/E observations for RHL.NS,2026-08-01T23:49:43.081362+00:00
RKDL.NS,ScreenerDataError,Screener returned no historical P/E observations for RKDL.NS,2026-08-02T00:00:12.318379+00:00
ROLEXRINGS.NS,ScreenerDataError,Screener returned no historical P/E observations for ROLEXRINGS.NS,2026-08-01T23:17:18.198387+00:00
ROML.NS,ScreenerDataError,Screener returned no historical P/E observations for ROML.NS,2026-08-01T23:58:45.000328+00:00
RSL.NS,ScreenerDataError,Screener returned no historical P/E observations for RSL.NS,2026-08-01T23:37:20.388309+00:00
RUCHIRA.NS,ScreenerDataError,Screener returned no historical P/E observations for RUCHIRA.NS,2026-08-01T23:49:26.014662+00:00
SABEVENTS.NS,ScreenerDataError,Screener returned no historical P/E observations for SABEVENTS.NS,2026-08-02T00:02:30.166956+00:00
SAHLIBHFI.NS,ScreenerDataError,Screener returned no historical P/E observations for SAHLIBHFI.NS,2026-08-01T23:51:09.349443+00:00
SAHYADRI.NS,ScreenerDataError,Screener returned no historical P/E observations for SAHYADRI.NS,2026-08-01T23:49:30.184341+00:00
SAKHTISUG.NS,ScreenerDataError,Screener returned no historical P/E observations for SAKHTISUG.NS,2026-08-01T23:52:37.816890+00:00
SALONA.NS,ScreenerDataError,Screener returned no historical P/E observations for SALONA.NS,2026-08-01T23:55:18.552048+00:00
SANOFICONR.NS,ScreenerDataError,Screener returned no historical P/E observations for SANOFICONR.NS,2026-08-01T23:05:33.564538+00:00
SATIA.NS,ScreenerDataError,Screener returned no historical P/E observations for SATIA.NS,2026-08-01T23:43:54.202581+00:00
SAYAJIHOTL.NS,ScreenerDataError,Screener returned no historical P/E observations for SAYAJIHOTL.NS,2026-08-01T23:44:44.779819+00:00
SBICARD.NS,ScreenerDataError,Screener returned no historical P/E observations for SBICARD.NS,2026-08-01T22:50:42.368056+00:00
SBILIFE.NS,ScreenerDataError,Screener returned no historical P/E observations for SBILIFE.NS,2026-08-01T22:45:26.910871+00:00
SCHNEIDER.NS,ScreenerDataError,Screener returned no historical P/E observations for SCHNEIDER.NS,2026-08-01T22:54:39.884282+00:00
SCILAL.NS,ScreenerDataError,Screener returned no historical P/E observations for SCILAL.NS,2026-08-01T23:29:29.581603+00:00
SCODATUBES.NS,ScreenerDataError,Screener returned no historical P/E observations for SCODATUBES.NS,2026-08-01T23:39:47.198666+00:00
SCPL.NS,ScreenerDataError,Screener returned no historical P/E observations for SCPL.NS,2026-08-01T23:44:59.501541+00:00
SEDEMAC.NS,ScreenerDataError,Screener returned no historical P/E observations for SEDEMAC.NS,2026-08-01T23:03:57.195490+00:00
SELMC.NS,ScreenerDataError,Screener returned no historical P/E observations for SELMC.NS,2026-08-01T23:57:31.065310+00:00
SGFIN.NS,ScreenerDataError,Screener returned no historical P/E observations for SGFIN.NS,2026-08-01T23:17:41.037972+00:00
SGL.NS,ScreenerDataError,Screener returned no historical P/E observations for SGL.NS,2026-08-02T00:01:19.345014+00:00
SHANTIGEAR.NS,ScreenerDataError,Screener returned no historical P/E observations for SHANTIGEAR.NS,2026-08-01T23:21:29.561556+00:00
SHANTIGOLD.NS,ScreenerDataError,Screener returned no historical P/E observations for SHANTIGOLD.NS,2026-08-01T23:32:29.754547+00:00
SHILCTECH.NS,ScreenerDataError,Screener returned no historical P/E observations for SHILCTECH.NS,2026-08-01T23:14:54.955306+00:00
SHREERAMA.NS,ScreenerDataError,Screener returned no historical P/E observations for SHREERAMA.NS,2026-08-01T23:44:15.523135+00:00
SHREYANIND.NS,ScreenerDataError,Screener returned no historical P/E observations for SHREYANIND.NS,2026-08-01T23:53:04.105851+00:00
SHRINGARMS.NS,ScreenerDataError,Screener returned no historical P/E observations for SHRINGARMS.NS,2026-08-01T23:27:55.633486+00:00
SIGIND.NS,ScreenerDataError,Screener returned no historical P/E observations for SIGIND.NS,2026-08-01T23:55:09.837802+00:00
SINCLAIR.NS,ScreenerDataError,Screener returned no historical P/E observations for SINCLAIR.NS,2026-08-01T23:47:50.013136+00:00
SINTERCOM.NS,ScreenerDataError,Screener returned no historical P/E observations for SINTERCOM.NS,2026-08-01T23:52:07.316865+00:00
SKFINDUS.NS,ScreenerDataError,Screener returned no historical P/E observations for SKFINDUS.NS,2026-08-01T23:02:57.552100+00:00
SMLMAH.NS,ScreenerDataError,Screener returned no historical P/E observations for SMLMAH.NS,2026-08-01T23:13:16.429562+00:00
SMLT.NS,ScreenerDataError,Screener returned no historical P/E observations for SMLT.NS,2026-08-01T23:57:42.942101+00:00
SNOWMAN.NS,ScreenerDataError,Screener returned no historical P/E observations for SNOWMAN.NS,2026-08-01T23:43:34.808985+00:00
SOMICONVEY.NS,ScreenerDataError,Screener returned no historical P/E observations for SOMICONVEY.NS,2026-08-01T23:55:57.780634+00:00
SONAMLTD.NS,ScreenerDataError,Screener returned no historical P/E observations for SONAMLTD.NS,2026-08-01T23:51:45.281054+00:00
SPLIL.NS,ScreenerDataError,Screener returned no historical P/E observations for SPLIL.NS,2026-08-01T23:57:23.757150+00:00
SPORTKING.NS,ScreenerDataError,Screener returned no historical P/E observations for SPORTKING.NS,2026-08-01T23:25:26.968240+00:00
SRD.NS,ScreenerDataError,Screener returned no historical P/E observations for SRD.NS,2026-08-01T23:50:56.977320+00:00
SREEL.NS,ScreenerDataError,Screener returned no historical P/E observations for SREEL.NS,2026-08-01T23:45:29.936478+00:00
SRGHFL.NS,ScreenerDataError,Screener returned no historical P/E observations for SRGHFL.NS,2026-08-01T23:45:35.335224+00:00
SRTL.NS,ScreenerDataError,Screener returned no historical P/E observations for SRTL.NS,2026-08-01T23:53:40.670832+00:00
STALLION.NS,ScreenerDataError,Screener returned no historical P/E observations for STALLION.NS,2026-08-01T23:25:46.074117+00:00
STARHEALTH.NS,ScreenerDataError,Screener returned no historical P/E observations for STARHEALTH.NS,2026-08-01T22:53:54.016239+00:00
STARPAPER.NS,ScreenerDataError,Screener returned no historical P/E observations for STARPAPER.NS,2026-08-01T23:52:00.072388+00:00
STEELCAS.NS,ScreenerDataError,Screener returned no historical P/E observations for STEELCAS.NS,2026-08-01T23:22:14.710807+00:00
SUDARCOLOR.NS,ScreenerDataError,Screener returned no historical P/E observations for SUDARCOLOR.NS,2026-08-01T23:39:51.376196+00:00
SUNCLAY.NS,ScreenerDataError,Screener returned no historical P/E observations for SUNCLAY.NS,2026-08-01T23:22:29.730620+00:00
SUPREMEINF.NS,ScreenerDataError,Screener returned no historical P/E observations for SUPREMEINF.NS,2026-08-01T23:40:59.204013+00:00
SUPRIYA.NS,ScreenerDataError,Screener returned no historical P/E observations for SUPRIYA.NS,2026-08-01T23:11:23.543804+00:00
SURANASOL.NS,ScreenerDataError,Screener returned no historical P/E observations for SURANASOL.NS,2026-08-01T23:55:28.628846+00:00
SURYALAXMI.NS,ScreenerDataError,Screener returned no historical P/E observations for SURYALAXMI.NS,2026-08-01T23:56:48.442479+00:00
SURYODAY.NS,ScreenerDataError,Screener returned no historical P/E observations for SURYODAY.NS,2026-08-01T23:29:42.250233+00:00
SUVIDHAA.NS,ScreenerDataError,Screener returned no historical P/E observations for SUVIDHAA.NS,2026-08-01T23:59:33.322442+00:00
SWARAJENG.NS,ScreenerDataError,Screener returned no historical P/E observations for SWARAJENG.NS,2026-08-01T23:16:33.244545+00:00
SWIGGY.NS,ScreenerDataError,Screener returned no historical P/E observations for SWIGGY.NS,2026-08-01T22:49:47.155421+00:00
TAINWALCHM.NS,ScreenerDataError,Screener returned no historical P/E observations for TAINWALCHM.NS,2026-08-01T23:52:40.915589+00:00
TARAPUR.NS,ScreenerDataError,Screener returned no historical P/E observations for TARAPUR.NS,2026-08-02T00:00:55.793864+00:00
TASTYBITE.NS,ScreenerDataError,Screener returned no historical P/E observations for TASTYBITE.NS,2026-08-01T23:27:19.484774+00:00
TEAMGTY.NS,ScreenerDataError,Screener returned no historical P/E observations for TEAMGTY.NS,2026-08-01T23:52:42.754578+00:00
TECILCHEM.NS,ScreenerDataError,Screener returned no historical P/E observations for TECILCHEM.NS,2026-08-02T00:01:48.312041+00:00
THANGAMAYL.NS,ScreenerDataError,Screener returned no historical P/E observations for THANGAMAYL.NS,2026-08-01T22:57:54.874317+00:00
THOMASCOTT.NS,ScreenerDataError,Screener returned no historical P/E observations for THOMASCOTT.NS,2026-08-01T23:46:06.012275+00:00
TIJARIA.NS,ScreenerDataError,Screener returned no historical P/E observations for TIJARIA.NS,2026-08-02T00:02:14.074475+00:00
TIMEX.NS,ScreenerDataError,Screener returned no historical P/E observations for TIMEX.NS,2026-08-01T23:14:04.615991+00:00
TIPSFILMS.NS,ScreenerDataError,Screener returned no historical P/E observations for TIPSFILMS.NS,2026-08-01T23:54:47.534026+00:00
TIPSMUSIC.NS,ScreenerDataError,Screener returned no historical P/E observations for TIPSMUSIC.NS,2026-08-01T23:08:06.811373+00:00
TIRUPATIFL.NS,ScreenerDataError,Screener returned no historical P/E observations for TIRUPATIFL.NS,2026-08-01T23:40:35.010658+00:00
TMB.NS,ScreenerDataError,Screener returned no historical P/E observations for TMB.NS,2026-08-01T23:03:16.188822+00:00
TNPL.NS,ScreenerDataError,Screener returned no historical P/E observations for TNPL.NS,2026-08-01T23:38:15.942842+00:00
TNTELE.NS,ScreenerDataError,Screener returned no historical P/E observations for TNTELE.NS,2026-08-02T00:00:29.377461+00:00
TPHQ.NS,ScreenerDataError,Screener returned no historical P/E observations for TPHQ.NS,2026-08-02T00:00:06.550730+00:00
TRACXN.NS,ScreenerDataError,Screener returned no historical P/E observations for TRACXN.NS,2026-08-01T23:48:59.508336+00:00
TTKHLTCARE.NS,ScreenerDataError,Screener returned no historical P/E observations for TTKHLTCARE.NS,2026-08-01T23:33:35.017294+00:00
TTL.NS,ScreenerDataError,Screener returned no historical P/E observations for TTL.NS,2026-08-01T23:53:33.341983+00:00
TTML.NS,ScreenerDataError,Screener returned no historical P/E observations for TTML.NS,2026-08-01T23:09:06.479787+00:00
TURTLEMINT.NS,ScreenerDataError,Screener returned no historical P/E observations for TURTLEMINT.NS,2026-08-02T00:05:43.433469+00:00
UJJIVANSFB.NS,ScreenerDataError,Screener returned no historical P/E observations for UJJIVANSFB.NS,2026-08-01T23:03:16.771363+00:00
UNIENTER.NS,ScreenerDataError,Screener returned no historical P/E observations for UNIENTER.NS,2026-08-01T23:42:11.368136+00:00
UNITECH.NS,ScreenerDataError,Screener returned no historical P/E observations for UNITECH.NS,2026-08-01T23:36:04.709276+00:00
USK.NS,ScreenerDataError,Screener returned no historical P/E observations for USK.NS,2026-08-01T23:55:52.526503+00:00
UTKARSHBNK.NS,ScreenerDataError,Screener returned no historical P/E observations for UTKARSHBNK.NS,2026-08-01T23:24:46.703372+00:00
UTLSOLAR.NS,ScreenerDataError,Screener returned no historical P/E observations for UTLSOLAR.NS,2026-08-01T23:05:01.454861+00:00
VAML.NS,ScreenerDataError,Screener returned no historical P/E observations for VAML.NS,2026-08-01T22:45:32.123962+00:00
VARDMNPOLY.NS,ScreenerDataError,Screener returned no historical P/E observations for VARDMNPOLY.NS,2026-08-01T23:49:28.131680+00:00
VCL.NS,ScreenerDataError,Screener returned no historical P/E observations for VCL.NS,2026-08-02T00:01:42.377452+00:00
VENKEYS.NS,ScreenerDataError,Screener returned no historical P/E observations for VENKEYS.NS,2026-08-01T23:28:52.490031+00:00
VENUSPIPES.NS,ScreenerDataError,Screener returned no historical P/E observations for VENUSPIPES.NS,2026-08-01T23:20:15.163804+00:00
VESUVIUS.NS,ScreenerDataError,Screener returned no historical P/E observations for VESUVIUS.NS,2026-08-01T23:07:14.965024+00:00
VINNY.NS,ScreenerDataError,Screener returned no historical P/E observations for VINNY.NS,2026-08-01T23:59:47.648111+00:00
VINYLINDIA.NS,ScreenerDataError,Screener returned no historical P/E observations for VINYLINDIA.NS,2026-08-01T23:46:14.272141+00:00
VISHWARAJ.NS,ScreenerDataError,Screener returned no historical P/E observations for VISHWARAJ.NS,2026-08-01T23:56:16.183406+00:00
VISL.NS,ScreenerDataError,Screener returned no historical P/E observations for VISL.NS,2026-08-01T23:02:37.475007+00:00
VIVIDHA.NS,ScreenerDataError,Screener returned no historical P/E observations for VIVIDHA.NS,2026-08-02T00:02:05.719191+00:00
VMART.NS,ScreenerDataError,Screener returned no historical P/E observations for VMART.NS,2026-08-01T23:13:06.701925+00:00
VOGL.NS,ScreenerDataError,Screener returned no historical P/E observations for VOGL.NS,2026-08-01T23:02:13.133603+00:00
VOLTAMP.NS,ScreenerDataError,Screener returned no historical P/E observations for VOLTAMP.NS,2026-08-01T23:06:50.595754+00:00
VRLLOG.NS,ScreenerDataError,Screener returned no historical P/E observations for VRLLOG.NS,2026-08-01T23:17:58.195096+00:00
VSTIND.NS,ScreenerDataError,Screener returned no historical P/E observations for VSTIND.NS,2026-08-01T23:18:28.995535+00:00
VSTL.NS,ScreenerDataError,Screener returned no historical P/E observations for VSTL.NS,2026-08-01T23:52:16.509311+00:00
WAAREEINDO.NS,ScreenerDataError,Screener returned no historical P/E observations for WAAREEINDO.NS,2026-08-01T23:32:10.752449+00:00
WAKEFIT.NS,ScreenerDataError,Screener returned no historical P/E observations for WAKEFIT.NS,2026-08-01T23:17:07.025959+00:00
WALCHANNAG.NS,ScreenerDataError,Screener returned no historical P/E observations for WALCHANNAG.NS,2026-08-01T23:31:41.842450+00:00
WELSPLSOL.NS,ScreenerDataError,Screener returned no historical P/E observations for WELSPLSOL.NS,2026-08-02T00:05:47.289688+00:00
WONDERLA.NS,ScreenerDataError,Screener returned no historical P/E observations for WONDERLA.NS,2026-08-01T23:22:52.989846+00:00
ZENITHEXPO.NS,ScreenerDataError,Screener returned no historical P/E observations for ZENITHEXPO.NS,2026-08-01T23:56:54.039503+00:00
ZODIACLOTH.NS,ScreenerDataError,Screener returned no historical P/E observations for ZODIACLOTH.NS,2026-08-01T23:52:06.735490+00:00
