industry,industry_weighted_pe,industry_median_pe,industry_peer_count
Advertising Agencies,16.52,19.38,5
Aerospace & Defense,42.63,83.36,13
Agricultural Inputs,19.5,14.76,42
Airports & Air Services,245.88,245.88,1
Aluminum,16.64,24.88,9
Apparel Manufacturing,38.06,22.24,24
Apparel Retail,67.94,46.5,11
Asset Management,32.69,35.57,28
Auto & Truck Dealerships,55.78,47.05,3
Auto Manufacturers,27.32,30.76,12
Auto Parts,30.42,29.16,87
Banks - Regional,12.56,10.55,39
Beverages - Brewers,80.91,80.91,1
Beverages - Non-Alcoholic,42.6,37.1,2
Beverages - Wineries & Distilleries,53.71,42.58,11
Biotechnology,76.13,43.31,7
Broadcasting,15.69,23.94,5
Building Materials,32.26,31.88,28
Building Products & Equipment,43.04,27.78,28
Business Equipment & Supplies,38.97,22.1,6
Capital Markets,29.15,15.64,57
Chemicals,23.61,19.99,31
Communication Equipment,33.26,57.57,9
Computer Hardware,96.13,105.27,3
Confectioners,19.92,18.8,18
Conglomerates,34.5,29.24,26
Consulting Services,26.84,35.15,2
Consumer Electronics,52.37,62.01,3
Copper,41.89,21.68,5
Credit Services,15.93,15.45,54
Department Stores,51.95,46.23,3
Diagnostics & Research,65.46,58.85,9
Discount Stores,80.58,80.58,1
Drug Manufacturers - General,39.72,34.56,11
Drug Manufacturers - Specialty & Generic,37.8,38.6,77
Education & Training Services,71.56,25.83,11
Electrical Equipment & Parts,50.51,34.71,47
Electronic Components,81.96,76.5,7
Electronics & Computer Distribution,29.73,20.39,5
Engineering & Construction,19.86,16.78,75
Entertainment,58.58,39.46,17
Farm & Heavy Construction Machinery,27.37,28.69,14
Farm Products,15.98,13.18,15
Financial Conglomerates,27.45,25.68,7
Financial Data & Stock Exchanges,46.08,37.64,5
Food Distribution,28.0,65.46,3
Footwear & Accessories,39.5,39.23,13
"Furnishings, Fixtures & Appliances",48.15,34.76,26
Health Information Services,30.87,35.63,5
Healthcare Plans,25.94,25.94,1
Home Improvement Retail,25.85,46.76,2
Household & Personal Products,43.18,34.96,15
Industrial Distribution,68.14,48.01,4
Information Technology Services,17.31,17.0,55
Infrastructure Operations,21.39,13.94,7
Insurance - Diversified,32.94,35.39,2
Insurance - Life,19.94,67.58,9
Insurance - Property & Casualty,45.55,45.55,1
Insurance - Reinsurance,6.74,6.74,1
Insurance Brokers,111.35,111.35,1
Integrated Freight & Logistics,53.19,26.43,21
Internet Content & Information,26.9,25.91,5
Internet Retail,578.32,191.48,4
Leisure,33.8,48.34,2
Lodging,34.07,30.32,23
Lumber & Wood Production,52.54,45.34,6
Luxury Goods,48.25,18.42,28
Marine Shipping,26.35,23.9,10
Medical Care Facilities,71.4,60.69,22
Medical Devices,84.99,80.19,2
Medical Distribution,64.04,64.04,1
Medical Instruments & Supplies,132.97,80.26,6
Metal Fabrication,42.6,25.33,25
Mortgage Finance,12.5,12.5,12
Oil & Gas E&P,42.12,80.02,5
Oil & Gas Equipment & Services,59.24,33.16,6
Oil & Gas Integrated,7.19,7.96,2
Oil & Gas Refining & Marketing,15.79,10.04,13
Other Industrial Metals & Mining,13.8,13.76,10
Other Precious Metals & Mining,27.59,27.59,1
Packaged Foods,39.86,24.93,51
Packaging & Containers,15.46,20.93,24
Paper & Paper Products,16.48,16.44,14
Pharmaceutical Retailers,31.25,25.91,2
Pollution & Treatment Controls,245.61,245.61,1
Publishing,10.51,8.37,8
Railroads,33.03,28.62,5
Real Estate - Development,29.08,23.03,50
Real Estate - Diversified,55.41,56.09,3
Real Estate Services,30.8,22.57,17
Rental & Leasing Services,20.02,19.07,3
Resorts & Casinos,40.49,57.29,2
Restaurants,65.4,86.92,3
Scientific & Technical Instruments,37.08,66.43,2
Security & Protection Services,37.91,31.51,2
Semiconductor Equipment & Materials,154.75,154.75,1
Semiconductors,163.73,163.73,1
Shell Companies,301.08,403.81,2
Software - Application,34.5,33.04,32
Software - Infrastructure,46.31,28.08,11
Solar,20.17,19.24,18
Specialty Business Services,18.08,19.13,16
Specialty Chemicals,35.63,25.07,101
Specialty Industrial Machinery,55.45,42.96,66
Specialty Retail,44.93,47.11,2
Staffing & Employment Services,18.0,14.39,4
Steel,18.62,22.43,74
Telecom Services,19.36,19.27,10
Textile Manufacturing,26.6,19.44,82
Thermal Coal,17.49,13.8,7
Tobacco,17.1,16.79,3
Tools & Accessories,42.9,39.26,9
Travel Services,34.92,54.96,5
Trucking,19.11,19.11,1
Utilities - Independent Power Producers,32.08,27.53,10
Utilities - Regulated Electric,11.17,11.69,6
Utilities - Regulated Gas,15.7,15.08,7
Utilities - Regulated Water,1115.0,1115.0,1
Utilities - Renewable,66.52,53.59,12
Waste Management,19.03,17.68,3
